state,organ,age,total,2020,2019,2018,2017,2016,2015,2014,2013,2012,2011,2010,2009,2008,2007,2006,2005,2004,2003,2002,2001,2000,1999,1998
AL,Kidney,All,"8,930",208,296,275,307,216,221,234,242,206,249,246,265,260,310,318,331,272,321,318,304,326,289,275
AL,Kidney,< 1 Year,2,0,1,0,0,0,0,0,0,0,0,0,0,0,0,0,0,1,0,0,0,0,0,0
AL,Kidney,1-5 Years,82,0,9,0,0,1,1,1,0,2,2,0,2,1,0,1,3,2,1,0,0,2,5,2
AL,Kidney,6-10 Years,209,3,7,5,3,0,9,4,6,2,2,7,2,10,9,0,1,5,4,7,2,6,7,4
AL,Kidney,11-17 Years,614,15,14,12,20,10,5,14,8,7,13,13,9,23,12,13,19,9,25,21,14,29,10,15
AL,Kidney,18-34 Years,"2,338",61,85,82,90,49,60,55,46,47,39,54,37,64,69,64,64,36,54,46,35,69,65,84
AL,Kidney,35-49 Years,"1,912",67,55,54,67,38,40,43,33,34,47,51,44,36,57,46,52,40,38,61,61,48,76,106
AL,Kidney,50-64 Years,"1,181",22,35,30,27,40,28,20,30,32,37,28,32,31,31,33,47,33,25,24,34,43,41,51
AL,Kidney,65 +,129,1,4,1,0,2,0,1,0,0,6,7,2,7,3,2,4,2,0,0,9,9,4,9
AL,Liver,All,"2,822",71,133,125,133,149,120,107,103,110,105,123,105,109,97,83,94,76,82,66,81,98,93,110
AL,Liver,< 1 Year,20,0,1,2,0,1,1,1,0,0,0,1,0,2,2,0,0,1,0,0,0,0,1,3
AL,Liver,1-5 Years,71,0,2,2,3,4,1,5,4,0,2,0,3,2,0,3,5,1,0,1,3,1,4,5
AL,Liver,6-10 Years,39,0,1,2,0,0,1,2,2,1,1,0,2,1,2,2,0,0,1,2,2,1,1,5
AL,Liver,11-17 Years,259,1,8,5,6,5,5,9,10,7,4,9,5,13,9,9,10,6,10,9,8,11,5,10
AL,Liver,18-34 Years,921,24,44,40,42,34,40,37,19,35,27,44,26,29,36,33,30,17,32,22,23,36,30,38
AL,Liver,35-49 Years,618,21,27,29,38,37,31,18,20,30,23,29,26,19,19,18,18,18,20,21,23,20,18,25
AL,Liver,50-64 Years,655,15,37,38,31,51,36,23,33,30,38,30,25,32,22,15,23,12,17,9,12,18,22,22
AL,Liver,65 +,158,7,10,5,7,12,4,7,10,6,9,8,16,10,7,3,5,4,1,2,5,6,4,2
AR,Kidney,All,"3,131",101,172,122,75,88,80,67,85,108,100,100,113,87,119,130,132,120,95,100,77,88,92,93
AR,Kidney,< 1 Year,0,0,0,0,0,0,0,0,0,0,0,0,0,0,0,0,0,0,0,0,0,0,0,0
AR,Kidney,1-5 Years,9,0,0,1,0,0,0,0,0,0,0,0,0,0,0,0,0,0,0,0,1,0,2,0
AR,Kidney,6-10 Years,55,1,7,1,1,0,0,1,0,0,0,0,2,2,2,0,1,1,2,1,2,2,0,5
AR,Kidney,11-17 Years,239,7,7,13,4,4,3,6,5,3,4,7,4,5,10,4,8,11,9,6,6,7,5,14
AR,Kidney,18-34 Years,"1,054",32,42,48,26,41,32,31,35,49,41,36,26,31,35,43,33,23,16,32,18,14,25,25
AR,Kidney,35-49 Years,805,27,55,31,28,24,22,17,21,24,22,21,35,24,32,27,36,25,22,8,7,7,23,35
AR,Kidney,50-64 Years,421,27,45,17,9,6,8,3,10,8,16,18,16,9,17,25,16,15,8,13,6,7,9,11
AR,Kidney,65 +,27,2,2,0,0,0,0,0,0,2,1,3,2,0,1,0,1,4,0,0,0,0,1,1
AR,Liver,All,463,23,43,37,33,42,30,31,36,19,16,28,31,28,26,25,15,0,0,0,0,0,0,0
AR,Liver,< 1 Year,0,0,0,0,0,0,0,0,0,0,0,0,0,0,0,0,0,0,0,0,0,0,0,0
AR,Liver,1-5 Years,0,0,0,0,0,0,0,0,0,0,0,0,0,0,0,0,0,0,0,0,0,0,0,0
AR,Liver,6-10 Years,1,0,1,0,0,0,0,0,0,0,0,0,0,0,0,0,0,0,0,0,0,0,0,0
AR,Liver,11-17 Years,27,2,2,7,2,2,4,2,1,0,0,2,0,0,1,0,2,0,0,0,0,0,0,0
AR,Liver,18-34 Years,193,5,20,13,13,21,10,16,14,10,8,13,10,16,8,10,6,0,0,0,0,0,0,0
AR,Liver,35-49 Years,136,8,13,12,14,10,9,8,17,8,4,4,11,4,4,6,4,0,0,0,0,0,0,0
AR,Liver,50-64 Years,82,7,5,5,4,3,3,4,4,1,3,6,8,6,12,8,3,0,0,0,0,0,0,0
AR,Liver,65 +,15,1,2,0,0,1,2,1,0,0,0,3,2,2,0,1,0,0,0,0,0,0,0,0
AZ,Kidney,All,"10,186",425,726,638,627,609,502,432,467,377,431,356,386,349,353,309,295,278,236,248,231,180,195,182
AZ,Kidney,< 1 Year,17,0,2,0,1,3,1,2,1,2,2,2,1,0,0,0,0,0,0,0,0,0,0,0
AZ,Kidney,1-5 Years,123,9,11,12,7,5,5,13,9,3,10,5,3,11,4,0,2,1,0,0,0,2,0,0
AZ,Kidney,6-10 Years,152,1,9,8,9,7,6,1,3,2,8,4,10,6,2,3,1,2,0,2,4,0,1,7
AZ,Kidney,11-17 Years,477,14,16,21,26,10,10,9,16,10,12,7,9,13,12,16,22,16,9,7,8,2,5,15
AZ,Kidney,18-34 Years,"2,444",131,173,153,168,156,117,92,97,79,63,65,67,48,60,52,60,43,30,34,12,7,45,79
AZ,Kidney,35-49 Years,"2,038",108,189,143,128,160,114,114,89,79,84,64,54,45,61,49,35,32,31,16,19,2,26,53
AZ,Kidney,50-64 Years,"1,492",84,166,140,144,137,105,54,86,54,60,29,39,60,38,27,25,26,21,19,5,14,10,22
AZ,Kidney,65 +,255,8,16,18,23,31,23,17,31,10,17,11,3,10,11,2,7,6,2,0,1,0,1,4
AZ,Liver,All,"3,276",197,332,289,248,236,142,135,152,133,145,126,115,135,115,93,110,80,71,66,60,54,37,25
AZ,Liver,< 1 Year,24,1,2,1,2,0,0,0,1,1,3,1,3,2,0,0,0,0,0,0,2,1,0,0
AZ,Liver,1-5 Years,50,1,1,4,1,1,1,1,2,0,3,1,3,8,0,1,0,0,0,0,2,0,0,1
AZ,Liver,6-10 Years,29,1,3,1,2,0,0,2,1,0,2,0,2,2,0,0,0,0,0,1,0,0,0,3
AZ,Liver,11-17 Years,173,9,7,8,11,5,6,5,12,3,7,3,5,7,4,8,11,7,6,2,2,1,3,4
AZ,Liver,18-34 Years,946,43,87,86,54,66,34,42,38,43,44,38,37,34,42,34,43,24,19,22,5,5,8,13
AZ,Liver,35-49 Years,766,56,82,72,57,56,35,42,40,34,38,38,28,38,30,23,20,16,17,6,8,1,5,3
AZ,Liver,50-64 Years,793,69,122,92,93,84,45,30,33,32,31,22,19,29,19,16,13,9,13,7,3,3,3,1
AZ,Liver,65 +,212,16,27,24,28,18,20,9,17,8,8,6,3,5,7,0,6,0,2,1,1,4,2,0
CA,Kidney,All,"57,235","1,711","2,619","2,486","2,281","2,287","2,198","2,039","2,085","2,073","1,998","1,939","1,822","1,926","1,912","1,931","1,814","1,960","1,844","1,697","1,596","1,529","1,382","1,463"
CA,Kidney,< 1 Year,411,8,20,15,13,20,24,36,57,62,36,18,22,12,9,7,3,6,1,2,4,1,5,3
CA,Kidney,1-5 Years,"1,266",26,25,52,36,51,56,54,47,44,73,36,25,37,36,41,28,26,27,25,16,21,41,30
CA,Kidney,6-10 Years,879,10,35,18,21,19,12,26,20,25,24,23,30,24,18,20,23,40,19,24,20,16,31,26
CA,Kidney,11-17 Years,"2,782",43,71,67,71,76,74,72,68,61,97,65,75,68,86,89,67,62,62,71,59,49,67,73
CA,Kidney,18-34 Years,"13,144",486,561,559,560,540,497,451,434,436,377,374,334,405,384,388,322,312,219,235,176,154,228,297
CA,Kidney,35-49 Years,"12,239",379,591,557,512,499,441,394,410,384,389,373,351,338,382,378,369,319,281,242,199,165,287,403
CA,Kidney,50-64 Years,"9,290",346,545,493,413,435,366,365,370,379,384,319,272,316,294,255,209,272,256,178,161,126,219,247
CA,Kidney,65 +,"1,156",38,73,65,56,39,39,49,35,56,35,26,30,38,29,38,44,43,35,21,35,18,17,27
CA,Liver,All,"22,265",678,969,904,875,838,807,756,743,711,739,731,684,717,767,790,790,742,713,717,720,624,619,603
CA,Liver,< 1 Year,324,3,8,10,8,3,11,6,9,11,5,10,15,12,15,4,10,12,10,8,2,8,9,6
CA,Liver,1-5 Years,806,10,16,23,17,26,18,26,20,18,23,23,20,28,25,23,23,26,17,16,16,12,23,24
CA,Liver,6-10 Years,497,1,16,10,7,6,12,8,12,14,13,12,17,10,10,10,11,19,9,19,11,9,16,18
CA,Liver,11-17 Years,"1,822",26,36,43,48,50,40,45,42,44,66,57,45,52,68,53,54,51,48,39,39,28,57,52
CA,Liver,18-34 Years,"6,703",257,303,300,282,286,260,236,257,213,217,239,211,224,221,252,223,176,148,147,121,98,150,170
CA,Liver,35-49 Years,"4,930",151,255,233,201,191,184,179,179,165,183,175,177,178,189,188,176,137,129,106,107,75,140,169
CA,Liver,50-64 Years,"3,999",160,212,193,192,173,172,169,171,187,161,151,150,151,157,141,128,124,109,109,88,65,113,102
CA,Liver,65 +,970,39,71,58,65,40,53,54,32,35,42,27,29,29,37,28,46,36,20,17,24,15,23,23
CO,Kidney,All,"6,905",230,372,361,358,265,245,243,280,252,281,314,260,228,209,243,252,211,198,184,169,185,156,150
CO,Kidney,< 1 Year,0,0,0,0,0,0,0,0,0,0,0,0,0,0,0,0,0,0,0,0,0,0,0,0
CO,Kidney,1-5 Years,10,0,0,0,0,0,0,0,2,1,0,2,0,0,0,0,0,0,0,0,0,0,0,1
CO,Kidney,6-10 Years,74,0,1,3,0,2,5,0,0,0,3,6,0,2,3,0,1,3,0,2,3,1,0,4
CO,Kidney,11-17 Years,488,6,23,16,11,11,5,14,20,5,3,18,18,13,17,12,16,20,17,21,12,4,13,8
CO,Kidney,18-34 Years,"1,750",59,81,93,75,79,76,42,69,63,72,44,60,45,45,50,54,56,43,31,29,24,36,43
CO,Kidney,35-49 Years,"1,426",60,73,66,67,50,37,50,61,50,49,50,40,49,26,42,51,33,31,27,32,15,45,60
CO,Kidney,50-64 Years,796,37,42,30,51,19,22,33,33,23,37,52,28,33,22,27,16,18,25,28,10,9,13,27
CO,Kidney,65 +,70,4,6,1,4,2,0,0,6,8,0,4,6,2,0,1,1,2,2,1,0,2,1,1
CO,Liver,All,"2,858",87,163,135,141,113,117,104,116,101,111,87,105,94,101,97,98,95,83,82,97,86,82,78
CO,Liver,< 1 Year,21,0,0,2,2,2,3,1,1,1,1,0,0,0,0,0,0,0,1,0,0,0,0,0
CO,Liver,1-5 Years,75,0,0,2,4,4,6,4,5,3,3,2,2,1,3,1,2,0,3,1,4,1,2,3
CO,Liver,6-10 Years,48,0,0,0,2,2,3,0,1,0,2,4,1,1,3,0,2,3,0,1,2,1,0,3
CO,Liver,11-17 Years,331,6,13,7,9,4,4,9,7,6,7,12,7,12,15,13,11,17,12,15,13,8,13,9
CO,Liver,18-34 Years,"1,004",32,50,52,46,48,56,38,42,41,55,26,48,33,38,35,26,31,27,24,20,8,22,31
CO,Liver,35-49 Years,612,24,40,29,32,26,19,24,32,27,23,22,17,25,18,17,26,17,15,16,18,9,16,15
CO,Liver,50-64 Years,389,15,27,24,24,11,13,16,19,13,18,18,17,11,13,16,11,12,13,12,5,7,11,10
CO,Liver,65 +,51,1,3,0,3,0,2,2,6,4,0,0,7,2,4,2,1,1,0,0,2,0,2,3
CT,Kidney,All,"4,710",165,243,264,203,207,161,160,151,157,153,177,147,150,128,131,124,122,129,155,139,134,124,128
CT,Kidney,< 1 Year,4,0,0,0,0,0,0,0,0,1,0,0,0,0,0,0,0,0,0,1,0,0,0,0
CT,Kidney,1-5 Years,65,0,1,0,0,1,1,1,3,3,0,2,2,2,0,3,2,2,0,0,2,2,2,0
CT,Kidney,6-10 Years,53,0,0,0,1,1,0,0,2,2,5,1,0,2,0,0,0,0,2,0,0,1,3,2
CT,Kidney,11-17 Years,216,5,3,5,4,7,4,3,4,7,3,7,7,6,5,9,13,6,4,7,4,3,4,6
CT,Kidney,18-34 Years,"1,017",36,47,40,35,41,25,28,20,30,19,28,17,30,14,19,25,32,16,21,18,17,25,42
CT,Kidney,35-49 Years,997,40,47,56,31,34,35,33,28,23,31,28,25,28,26,24,23,26,29,28,14,14,20,46
CT,Kidney,50-64 Years,773,42,53,64,33,45,21,25,24,26,27,29,23,26,20,19,19,5,15,22,14,11,12,26
CT,Kidney,65 +,97,5,8,7,8,8,0,4,5,0,4,7,0,4,6,4,1,0,4,3,0,2,0,2
CT,Liver,All,"1,154",24,53,63,49,57,55,48,51,51,50,70,59,61,32,28,28,37,23,32,39,31,33,28
CT,Liver,< 1 Year,5,0,0,0,0,0,0,1,1,0,0,0,1,0,0,0,0,0,0,0,0,0,0,0
CT,Liver,1-5 Years,25,0,0,1,1,2,1,1,4,0,1,0,0,1,2,0,0,0,0,0,0,0,0,2
CT,Liver,6-10 Years,12,0,0,1,0,0,0,0,0,2,1,0,1,1,0,0,0,0,0,0,0,1,0,0
CT,Liver,11-17 Years,82,0,2,3,1,1,2,2,2,1,3,3,7,2,5,2,2,5,3,4,4,5,0,4
CT,Liver,18-34 Years,361,7,20,19,16,22,15,13,11,16,14,19,18,16,12,8,7,14,3,9,11,4,12,10
CT,Liver,35-49 Years,285,8,14,19,8,10,11,11,12,12,10,14,10,19,10,7,10,8,10,8,9,7,13,5
CT,Liver,50-64 Years,219,6,8,11,9,12,13,13,9,7,12,13,14,13,2,8,7,8,6,10,10,7,4,6
CT,Liver,65 +,55,2,1,4,5,3,2,3,5,1,1,6,1,4,1,3,2,2,1,1,5,2,0,0
DC,Kidney,All,"6,959",270,399,332,318,329,276,191,198,168,177,213,236,187,160,220,221,175,184,178,170,167,203,207
DC,Kidney,< 1 Year,13,0,2,0,3,2,0,0,0,0,0,0,0,0,0,0,0,0,0,0,0,0,1,0
DC,Kidney,1-5 Years,108,3,7,7,6,4,7,2,1,0,3,1,4,1,1,1,1,2,0,1,0,0,2,4
DC,Kidney,6-10 Years,76,0,3,5,4,3,5,1,0,0,3,2,2,0,0,3,0,2,0,1,1,1,0,4
DC,Kidney,11-17 Years,261,4,12,7,4,10,11,7,9,1,14,7,6,6,5,10,7,9,1,2,3,3,6,3
DC,Kidney,18-34 Years,"1,661",53,79,72,79,82,64,40,33,37,33,39,43,49,23,45,51,33,25,10,7,9,38,56
DC,Kidney,35-49 Years,"1,392",51,66,47,48,59,44,29,42,31,33,35,46,34,30,34,38,26,30,11,6,11,44,50
DC,Kidney,50-64 Years,"1,042",57,69,37,47,51,47,46,51,36,32,30,24,11,25,27,31,14,17,6,3,10,23,36
DC,Kidney,65 +,193,8,7,11,9,8,11,6,17,17,2,6,3,8,5,12,4,7,0,1,0,1,4,2
DC,Liver,All,"1,871",75,124,110,125,117,81,102,91,116,100,84,95,86,77,83,62,68,51,51,46,37,31,14
DC,Liver,< 1 Year,102,0,8,5,7,7,5,7,8,7,7,3,6,4,9,12,2,5,0,0,0,0,0,0
DC,Liver,1-5 Years,83,6,5,5,5,5,6,4,1,4,3,8,6,5,4,4,4,7,1,0,0,0,0,0
DC,Liver,6-10 Years,30,1,4,2,3,5,1,1,0,2,1,1,1,0,0,2,0,1,1,0,0,1,1,1
DC,Liver,11-17 Years,118,4,3,6,2,13,4,6,10,1,9,5,6,8,6,10,2,5,4,1,0,3,1,3
DC,Liver,18-34 Years,467,20,25,35,40,37,24,26,18,19,18,21,23,27,11,18,24,19,12,4,6,9,7,4
DC,Liver,35-49 Years,337,22,27,21,21,17,10,18,17,25,15,11,27,14,16,12,10,5,10,4,3,5,14,5
DC,Liver,50-64 Years,386,15,33,25,31,19,13,24,24,33,23,22,16,11,15,18,16,13,17,0,1,3,4,1
DC,Liver,65 +,172,5,9,10,14,7,6,14,11,23,20,11,6,5,8,3,1,11,3,2,0,1,2,0
DE,Kidney,All,455,14,30,36,33,33,28,31,49,36,35,28,17,21,20,2,3,5,4,6,7,5,0,1
DE,Kidney,< 1 Year,1,0,0,0,0,0,0,0,0,1,0,0,0,0,0,0,0,0,0,0,0,0,0,0
DE,Kidney,1-5 Years,4,0,0,1,0,1,0,0,0,0,0,1,0,0,1,0,0,0,0,0,0,0,0,0
DE,Kidney,6-10 Years,10,0,0,0,1,1,2,1,1,0,0,0,1,0,0,0,0,0,0,1,0,0,0,0
DE,Kidney,11-17 Years,23,1,2,1,0,1,3,3,3,2,1,1,0,1,2,0,1,0,0,0,0,0,0,0
DE,Kidney,18-34 Years,126,7,8,14,12,12,6,10,11,12,9,5,2,3,3,2,2,2,1,0,3,1,0,0
DE,Kidney,35-49 Years,84,4,7,8,7,3,7,4,12,5,4,5,2,4,1,0,0,0,0,0,2,2,0,1
DE,Kidney,50-64 Years,82,0,3,6,3,7,4,7,12,8,10,5,7,6,4,0,0,0,0,0,0,0,0,0
DE,Kidney,65 +,8,0,0,1,0,1,1,1,2,0,1,1,0,0,0,0,0,0,0,0,0,0,0,0
DE,Liver,All,181,3,6,2,9,5,5,10,10,9,6,10,8,6,8,12,10,14,11,18,11,6,1,0
DE,Liver,< 1 Year,10,0,0,0,0,1,1,1,1,1,0,0,1,0,1,0,0,0,0,3,0,0,0,0
DE,Liver,1-5 Years,33,0,2,0,2,1,0,3,1,1,2,1,3,2,2,4,3,1,2,1,2,0,0,0
DE,Liver,6-10 Years,16,0,0,0,0,0,1,0,2,1,0,3,0,0,0,0,0,1,2,3,1,2,0,0
DE,Liver,11-17 Years,19,0,0,0,0,0,0,3,1,0,0,0,1,1,1,2,2,2,2,3,1,0,0,0
DE,Liver,18-34 Years,24,0,3,1,2,0,0,1,3,3,0,2,0,2,2,2,1,1,0,1,0,0,0,0
DE,Liver,35-49 Years,8,1,0,1,0,0,1,1,0,0,0,1,0,0,0,0,0,0,3,0,0,0,0,0
DE,Liver,50-64 Years,0,0,0,0,0,0,0,0,0,0,0,0,0,0,0,0,0,0,0,0,0,0,0,0
DE,Liver,65 +,0,0,0,0,0,0,0,0,0,0,0,0,0,0,0,0,0,0,0,0,0,0,0,0
FL,Kidney,All,"26,568","1,060","1,579","1,378","1,151","1,121","1,113",980,949,929,976,994,902,942,906,828,903,835,,,,,,
FL,Kidney,< 1 Year,77,2,4,4,10,13,5,2,2,2,2,3,8,10,2,5,1,0,0,1,0,0,0,0
FL,Kidney,1-5 Years,348,10,8,13,5,17,18,24,14,9,20,15,15,38,17,11,19,4,9,8,8,5,5,7
FL,Kidney,6-10 Years,357,7,2,11,7,6,9,9,18,10,11,5,11,15,15,4,9,14,4,1,10,11,15,20
FL,Kidney,11-17 Years,"1,341",33,26,37,33,38,16,31,33,45,38,33,39,30,45,31,50,44,38,15,31,41,55,49
FL,Kidney,18-34 Years,"6,260",223,328,294,199,246,225,175,142,193,204,218,182,207,197,189,181,184,127,107,107,102,157,182
FL,Kidney,35-49 Years,"5,593",270,334,257,233,193,228,199,175,173,212,172,173,169,200,159,148,133,112,112,120,111,158,183
FL,Kidney,50-64 Years,"4,283",241,336,280,270,215,215,170,145,130,148,176,162,163,104,111,129,104,60,73,88,58,91,107
FL,Kidney,65 +,512,23,42,49,22,20,35,25,15,4,12,14,28,23,19,14,20,10,7,5,13,4,12,19
FL,Liver,All,"13,345",416,647,549,516,525,527,495,446,500,537,526,528,602,599,560,577,582,529,521,566,495,440,382
FL,Liver,< 1 Year,169,2,1,2,1,3,2,5,3,3,6,1,8,9,10,15,14,13,3,13,9,6,5,8
FL,Liver,1-5 Years,333,4,11,9,7,8,14,12,7,9,11,8,15,12,16,15,15,9,12,21,17,17,16,13
FL,Liver,6-10 Years,246,5,3,9,3,5,9,4,4,3,7,5,6,13,16,9,10,12,10,7,10,13,11,15
FL,Liver,11-17 Years,776,14,14,22,23,26,14,18,25,33,23,29,24,34,37,22,32,39,27,16,35,29,30,36
FL,Liver,18-34 Years,"3,198",101,180,151,125,140,131,119,110,151,143,137,118,156,142,126,139,128,95,81,90,71,80,87
FL,Liver,35-49 Years,"2,588",104,135,106,117,93,113,113,89,89,116,114,105,110,122,113,84,117,99,74,79,88,78,64
FL,Liver,50-64 Years,"2,485",95,134,116,125,116,115,87,89,93,104,106,111,131,107,114,114,121,80,84,94,61,69,63
FL,Liver,65 +,"1,048",29,55,42,41,34,39,42,38,26,29,33,53,53,52,55,60,55,42,46,56,38,47,38
GA,Kidney,All,"12,048",396,674,590,465,511,524,464,455,459,462,445,381,351,394,370,343,379,313,328,334,314,273,273
GA,Kidney,< 1 Year,3,0,0,0,0,1,1,0,0,0,0,0,0,0,0,0,0,0,0,0,0,0,0,0
GA,Kidney,1-5 Years,126,7,12,7,8,9,12,5,9,6,8,7,5,3,1,1,1,0,1,2,2,4,1,0
GA,Kidney,6-10 Years,221,5,9,6,0,10,7,8,10,6,15,8,6,7,2,7,3,3,9,8,12,7,2,0
GA,Kidney,11-17 Years,767,15,18,25,18,20,25,17,27,28,17,23,14,23,22,27,26,23,28,15,23,18,26,24
GA,Kidney,18-34 Years,"3,183",113,152,133,140,109,111,99,86,110,83,101,86,58,95,94,69,72,84,74,58,60,68,77
GA,Kidney,35-49 Years,"2,757",98,135,116,88,115,98,102,88,93,115,87,82,72,94,74,82,77,45,70,70,54,55,85
GA,Kidney,50-64 Years,"1,604",64,91,76,41,58,75,49,65,68,64,52,53,66,52,52,43,45,32,49,50,51,37,46
GA,Kidney,65 +,169,4,11,8,2,5,4,7,4,5,5,10,11,1,2,6,7,3,6,5,6,5,5,4
GA,Liver,All,"4,747",188,289,301,264,296,253,258,259,223,199,209,197,162,157,154,126,123,91,87,83,89,85,92
GA,Liver,< 1 Year,73,2,4,7,11,13,1,4,3,4,7,5,0,0,0,0,1,1,1,1,0,1,1,1
GA,Liver,1-5 Years,137,4,2,8,5,5,8,4,9,4,6,12,7,3,2,3,4,5,6,4,4,4,1,7
GA,Liver,6-10 Years,108,1,3,1,2,6,6,6,8,4,3,4,6,5,2,3,0,4,4,3,3,4,1,1
GA,Liver,11-17 Years,414,10,11,16,17,17,16,10,20,17,9,9,11,12,18,15,14,11,22,10,14,9,12,15
GA,Liver,18-34 Years,"1,524",60,104,89,81,80,65,69,65,69,63,67,52,53,53,51,40,31,36,31,25,34,36,31
GA,Liver,35-49 Years,"1,138",40,76,75,65,87,70,60,70,59,54,55,55,36,40,37,37,34,11,18,15,17,14,18
GA,Liver,50-64 Years,956,47,62,51,59,70,63,74,58,50,47,45,51,44,36,35,25,26,9,11,8,7,10,14
GA,Liver,65 +,204,6,9,27,12,11,12,23,16,12,9,11,11,6,5,8,3,7,0,3,3,1,0,0
HI,Kidney,All,"1,307",24,41,54,46,49,51,60,44,16,40,45,46,53,42,53,70,41,49,59,45,38,48,34
HI,Kidney,< 1 Year,0,0,0,0,0,0,0,0,0,0,0,0,0,0,0,0,0,0,0,0,0,0,0,0
HI,Kidney,1-5 Years,3,0,0,0,0,0,0,0,0,0,0,0,0,0,0,0,0,0,0,0,0,0,0,0
HI,Kidney,6-10 Years,30,0,2,4,0,1,0,0,0,0,0,0,0,0,0,0,0,0,2,4,0,0,0,1
HI,Kidney,11-17 Years,69,0,5,0,2,1,1,2,2,0,1,2,2,1,2,3,3,4,3,2,1,6,2,5
HI,Kidney,18-34 Years,320,8,10,14,15,17,15,20,9,6,12,17,8,6,4,5,10,7,7,7,11,3,7,4
HI,Kidney,35-49 Years,349,9,11,20,17,12,24,14,11,4,14,11,12,14,9,11,12,8,11,9,8,11,8,7
HI,Kidney,50-64 Years,265,4,8,7,6,9,5,13,10,3,5,8,14,15,13,17,9,3,13,14,11,9,22,9
HI,Kidney,65 +,18,0,0,2,2,0,0,1,2,0,0,0,0,2,2,3,1,1,0,0,0,2,0,0
HI,Liver,All,311,10,13,11,17,17,13,15,12,11,16,16,17,13,12,11,14,15,12,11,9,11,9,9
HI,Liver,< 1 Year,0,0,0,0,0,0,0,0,0,0,0,0,0,0,0,0,0,0,0,0,0,0,0,0
HI,Liver,1-5 Years,0,0,0,0,0,0,0,0,0,0,0,0,0,0,0,0,0,0,0,0,0,0,0,0
HI,Liver,6-10 Years,0,0,0,0,0,0,0,0,0,0,0,0,0,0,0,0,0,0,0,0,0,0,0,0
HI,Liver,11-17 Years,26,0,4,0,0,1,2,1,0,0,0,2,2,0,1,1,1,2,1,1,0,1,1,2
HI,Liver,18-34 Years,99,4,2,5,7,8,3,6,4,5,6,8,4,3,3,4,2,5,3,3,2,2,4,0
HI,Liver,35-49 Years,107,4,2,4,7,5,7,6,5,3,10,4,5,7,1,1,6,6,3,4,6,4,1,2
HI,Liver,50-64 Years,72,2,5,2,3,3,1,2,3,3,0,2,6,3,6,4,4,2,5,2,1,3,3,3
HI,Liver,65 +,2,0,0,0,0,0,0,0,0,0,0,0,0,0,1,1,0,0,0,0,0,0,0,0
IA,Kidney,All,"4,466",159,218,214,200,179,164,184,197,146,173,161,131,120,111,117,125,116,130,144,123,140,121,118
IA,Kidney,< 1 Year,18,1,1,1,1,1,1,4,1,3,1,1,0,0,1,0,0,0,0,0,0,1,0,0
IA,Kidney,1-5 Years,137,6,2,6,8,5,6,6,3,4,3,3,3,0,7,1,8,4,12,11,5,7,2,5
IA,Kidney,6-10 Years,92,0,1,0,1,5,2,2,2,2,5,4,4,7,4,3,1,8,1,5,6,2,3,5
IA,Kidney,11-17 Years,251,5,7,5,5,10,9,6,8,2,1,11,4,7,7,8,2,4,8,8,2,4,6,9
IA,Kidney,18-34 Years,954,42,55,49,26,40,37,23,56,29,39,31,21,25,25,17,24,8,19,12,7,5,23,30
IA,Kidney,35-49 Years,986,39,41,45,50,30,26,42,52,36,33,37,22,22,20,36,19,16,15,23,11,6,35,39
IA,Kidney,50-64 Years,823,35,64,60,66,38,43,54,26,23,32,18,22,18,12,12,24,12,10,17,5,8,18,19
IA,Kidney,65 +,112,12,8,10,6,11,2,5,6,3,6,3,3,3,4,2,2,0,0,2,0,0,1,3
IA,Liver,All,941,21,32,29,22,23,23,30,26,32,31,44,34,27,23,22,28,17,37,40,37,49,44,42
IA,Liver,< 1 Year,2,0,0,0,0,0,0,0,0,0,0,0,1,0,0,0,0,0,0,0,0,0,0,0
IA,Liver,1-5 Years,6,0,0,0,0,0,0,0,0,0,2,0,1,0,0,0,0,0,1,0,0,1,1,0
IA,Liver,6-10 Years,8,0,0,0,0,0,0,0,0,1,0,0,1,0,0,0,0,0,0,0,2,1,0,1
IA,Liver,11-17 Years,104,0,1,2,3,4,3,1,2,0,1,4,4,1,3,1,2,5,4,5,0,4,3,5
IA,Liver,18-34 Years,300,12,16,12,8,11,9,8,13,13,11,12,9,13,11,8,10,4,13,6,5,1,6,14
IA,Liver,35-49 Years,219,4,10,8,9,4,9,9,5,8,6,14,10,4,6,9,8,3,8,7,4,4,9,9
IA,Liver,50-64 Years,178,4,5,6,2,4,2,12,4,8,10,12,6,7,1,3,5,5,5,11,3,7,7,7
IA,Liver,65 +,38,1,0,1,0,0,0,0,2,2,1,2,2,2,2,1,2,0,3,2,0,1,3,3
IL,Kidney,All,"19,352",537,910,798,722,687,523,613,677,646,708,714,741,726,669,795,775,714,704,672,574,589,495,488
IL,Kidney,< 1 Year,77,6,17,3,4,0,0,1,1,0,3,4,2,0,2,2,1,0,1,5,0,2,2,2
IL,Kidney,1-5 Years,291,6,12,12,7,6,4,9,7,9,10,5,10,10,2,10,12,9,9,11,6,4,7,7
IL,Kidney,6-10 Years,250,5,11,2,7,2,4,6,5,5,4,2,3,2,3,5,1,8,9,11,8,10,11,11
IL,Kidney,11-17 Years,957,26,18,21,29,19,19,23,22,24,17,21,17,28,27,32,24,18,20,38,32,35,28,23
IL,Kidney,18-34 Years,"4,117",96,151,158,152,146,108,114,131,92,92,116,117,111,102,115,121,116,86,113,90,103,107,161
IL,Kidney,35-49 Years,"3,832",131,194,146,123,134,98,99,119,106,121,91,111,98,116,114,125,102,98,115,79,108,125,154
IL,Kidney,50-64 Years,"3,076",119,176,170,148,116,78,116,83,97,125,107,129,135,91,122,110,108,123,54,77,69,82,82
IL,Kidney,65 +,436,5,25,14,13,4,4,4,13,7,13,8,14,23,19,20,21,36,24,15,9,18,14,23
IL,Liver,All,"7,775",257,323,287,272,251,216,227,237,221,280,261,266,251,275,339,320,320,298,223,194,210,236,219
IL,Liver,< 1 Year,83,0,2,0,2,2,1,0,1,0,4,0,2,2,0,0,1,1,0,1,3,2,3,4
IL,Liver,1-5 Years,250,1,4,3,3,3,2,6,5,3,5,5,4,7,5,4,6,5,0,2,6,7,11,14
IL,Liver,6-10 Years,174,1,7,0,1,1,2,3,4,2,4,2,2,4,4,7,3,7,6,7,8,5,5,10
IL,Liver,11-17 Years,679,13,13,18,27,25,11,15,13,22,16,18,23,17,18,26,21,19,24,21,24,25,24,13
IL,Liver,18-34 Years,"2,257",82,88,77,80,77,71,72,63,60,59,76,78,71,77,87,85,90,65,71,55,50,59,64
IL,Liver,35-49 Years,"1,625",65,84,63,59,46,52,35,49,47,72,53,47,46,55,62,68,61,68,46,30,49,56,47
IL,Liver,50-64 Years,"1,561",62,79,88,68,65,51,52,54,54,71,50,66,62,60,87,71,61,77,30,35,37,39,39
IL,Liver,65 +,579,21,32,26,15,15,14,20,24,16,21,19,18,27,27,24,29,37,24,13,10,12,24,24
IN,Kidney,All,"7,198",248,316,277,260,269,263,276,282,300,273,285,274,237,236,226,283,249,233,233,184,162,146,183
IN,Kidney,< 1 Year,0,0,0,0,0,0,0,0,0,0,0,0,0,0,0,0,0,0,0,0,0,0,0,0
IN,Kidney,1-5 Years,33,3,1,4,0,1,0,0,2,3,2,0,6,0,0,0,3,0,2,0,0,0,0,0
IN,Kidney,6-10 Years,90,4,1,2,2,0,0,3,4,2,0,4,4,3,2,3,2,8,1,4,0,0,2,4
IN,Kidney,11-17 Years,527,8,10,12,13,9,19,10,16,12,21,22,18,11,23,10,23,16,7,8,5,5,19,20
IN,Kidney,18-34 Years,"1,890",84,94,81,74,79,80,78,68,77,54,43,49,38,55,43,60,49,40,19,5,6,33,71
IN,Kidney,35-49 Years,"1,572",59,79,67,55,53,53,58,49,64,56,54,42,48,44,37,72,64,36,13,9,10,43,60
IN,Kidney,50-64 Years,826,41,46,21,24,27,23,39,39,55,30,33,28,37,17,29,45,26,31,2,2,2,19,25
IN,Kidney,65 +,50,0,4,0,0,6,1,1,5,2,2,7,1,2,4,0,2,4,4,0,0,0,0,0
IN,Liver,All,"3,454",92,156,164,151,160,145,141,114,133,121,124,126,134,155,154,176,161,166,139,74,56,50,52
IN,Liver,< 1 Year,41,0,1,0,0,0,0,1,0,2,0,1,2,3,3,1,4,3,1,0,1,1,1,1
IN,Liver,1-5 Years,102,0,2,10,5,10,4,1,0,4,3,4,4,2,3,5,4,3,4,3,1,1,1,1
IN,Liver,6-10 Years,73,1,1,1,2,1,1,0,3,3,3,2,4,3,3,4,7,2,3,3,1,0,2,2
IN,Liver,11-17 Years,289,6,12,12,8,8,8,6,5,6,8,13,13,13,20,10,13,13,5,2,0,0,10,8
IN,Liver,18-34 Years,"1,044",28,56,55,62,53,61,61,40,47,40,34,42,41,48,39,39,38,24,10,2,2,14,15
IN,Liver,35-49 Years,879,30,54,40,38,48,37,35,31,41,35,34,38,33,42,43,49,58,44,12,1,1,13,15
IN,Liver,50-64 Years,658,21,26,38,33,34,30,35,31,26,27,29,21,37,30,46,52,32,34,7,2,1,7,6
IN,Liver,65 +,93,4,4,8,3,6,4,2,3,3,5,6,2,2,5,5,8,7,13,0,1,0,0,0
KS,Kidney,All,"3,263",137,159,130,113,132,126,127,112,115,135,122,142,137,109,96,95,96,94,93,79,81,85,79
KS,Kidney,< 1 Year,7,0,1,0,0,1,5,0,0,0,0,0,0,0,0,0,0,0,0,0,0,0,0,0
KS,Kidney,1-5 Years,48,0,3,1,3,2,5,5,1,4,6,4,3,4,2,2,1,0,0,0,0,0,0,0
KS,Kidney,6-10 Years,74,0,1,1,2,3,4,2,2,7,2,0,2,3,3,5,6,2,1,2,3,0,0,2
KS,Kidney,11-17 Years,293,3,4,4,3,4,1,6,10,1,10,11,7,6,13,10,7,14,6,18,14,7,9,12
KS,Kidney,18-34 Years,"1,006",37,42,37,33,43,32,34,33,32,38,38,42,38,30,30,23,36,29,23,16,11,20,36
KS,Kidney,35-49 Years,716,30,42,29,22,29,22,27,31,25,32,19,36,27,25,21,24,14,12,10,12,9,22,17
KS,Kidney,50-64 Years,464,40,27,15,24,25,37,30,14,18,25,16,15,21,15,5,8,10,15,9,3,2,5,10
KS,Kidney,65 +,24,6,1,0,0,0,0,1,0,0,3,4,1,2,3,1,0,0,0,0,0,0,0,0
KS,Liver,All,"1,688",29,80,79,90,97,87,106,114,77,91,81,85,74,64,58,48,31,25,30,36,42,39,38
KS,Liver,< 1 Year,0,0,0,0,0,0,0,0,0,0,0,0,0,0,0,0,0,0,0,0,0,0,0,0
KS,Liver,1-5 Years,0,0,0,0,0,0,0,0,0,0,0,0,0,0,0,0,0,0,0,0,0,0,0,0
KS,Liver,6-10 Years,3,0,0,1,0,0,1,0,0,0,0,0,0,0,0,0,0,0,0,0,0,0,0,0
KS,Liver,11-17 Years,166,1,7,11,7,3,2,10,3,2,6,7,4,6,6,5,3,6,5,7,7,5,8,8
KS,Liver,18-34 Years,612,13,29,27,33,43,31,30,33,32,24,29,30,28,20,27,19,12,15,11,15,8,8,19
KS,Liver,35-49 Years,415,6,22,15,19,23,21,32,33,22,30,16,18,15,14,15,19,8,1,8,7,3,13,6
KS,Liver,50-64 Years,348,7,20,17,23,20,29,27,32,15,27,19,12,14,22,10,7,2,4,4,6,2,1,5
KS,Liver,65 +,87,2,2,8,7,8,3,7,13,6,4,9,11,4,1,1,0,0,0,0,0,0,0,0
KY,Kidney,All,"4,829",136,168,204,183,155,148,145,150,151,145,168,160,135,141,140,160,121,156,152,150,135,124,149
KY,Kidney,< 1 Year,3,0,0,0,2,0,0,1,0,0,0,0,0,0,0,0,0,0,0,0,0,0,0,0
KY,Kidney,1-5 Years,77,0,2,3,7,0,3,3,3,1,2,6,1,1,0,0,0,0,1,4,3,1,0,4
KY,Kidney,6-10 Years,82,4,1,5,2,3,2,3,0,7,5,4,2,0,0,1,2,4,1,0,1,0,2,0
KY,Kidney,11-17 Years,321,3,7,10,9,4,4,7,7,8,5,12,10,5,11,12,12,6,9,15,11,5,3,13
KY,Kidney,18-34 Years,"1,423",65,27,58,60,55,61,39,40,41,39,45,39,28,23,39,47,24,43,32,33,20,14,42
KY,Kidney,35-49 Years,"1,198",25,54,50,39,33,27,36,34,42,38,55,32,41,38,29,36,40,37,29,29,19,26,58
KY,Kidney,50-64 Years,778,16,32,25,18,21,14,18,28,22,25,22,31,23,32,27,21,19,24,29,21,11,12,24
KY,Kidney,65 +,51,0,0,0,0,1,0,2,0,4,0,3,2,0,0,4,0,2,4,0,0,0,0,3
KY,Liver,All,"1,902",50,67,83,79,79,72,86,89,76,73,86,78,83,87,90,86,93,68,70,49,49,52,53
KY,Liver,< 1 Year,0,0,0,0,0,0,0,0,0,0,0,0,0,0,0,0,0,0,0,0,0,0,0,0
KY,Liver,1-5 Years,1,0,0,0,0,0,0,0,1,0,0,0,0,0,0,0,0,0,0,0,0,0,0,0
KY,Liver,6-10 Years,10,0,0,0,0,0,0,2,0,2,0,0,0,0,0,0,0,2,1,0,0,0,1,0
KY,Liver,11-17 Years,122,0,2,4,5,2,1,6,3,2,2,6,5,2,8,9,4,6,5,8,4,1,3,4
KY,Liver,18-34 Years,667,21,19,36,39,33,32,28,29,24,23,29,27,28,27,26,28,28,17,30,21,12,7,22
KY,Liver,35-49 Years,502,10,31,22,21,23,17,25,25,21,22,30,21,23,22,20,26,23,23,18,12,6,5,13
KY,Liver,50-64 Years,443,17,14,18,13,19,22,19,23,24,22,16,21,25,22,26,19,21,17,11,8,9,4,12
KY,Liver,65 +,86,2,1,3,1,2,0,6,8,3,4,5,1,5,7,7,7,11,3,0,2,0,0,1
LA,Kidney,All,"7,489",196,371,259,284,255,251,267,214,229,247,276,271,260,279,257,263,320,272,227,245,222,177,166
LA,Kidney,< 1 Year,3,0,0,0,0,0,0,0,0,0,0,0,0,0,0,0,1,0,0,0,0,0,0,2
LA,Kidney,1-5 Years,151,2,4,1,3,6,0,5,2,2,7,5,6,9,5,8,4,13,11,6,11,3,8,5
LA,Kidney,6-10 Years,178,3,5,1,0,7,6,1,3,7,5,1,7,5,8,7,2,6,2,12,8,12,5,10
LA,Kidney,11-17 Years,577,9,19,11,14,12,13,9,16,11,14,20,8,12,25,22,18,13,10,21,18,17,12,19
LA,Kidney,18-34 Years,"2,158",59,97,89,82,73,71,77,62,65,77,86,76,59,63,46,57,66,60,47,48,43,30,44
LA,Kidney,35-49 Years,"1,721",61,86,51,52,52,65,65,36,49,50,60,63,51,55,78,60,79,61,39,43,35,39,42
LA,Kidney,50-64 Years,956,20,45,26,34,25,41,36,26,35,28,39,40,55,33,37,49,33,37,28,30,28,20,20
LA,Kidney,65 +,54,1,0,0,0,0,0,2,0,2,1,4,1,2,3,5,0,5,0,4,1,1,9,3
LA,Liver,All,"4,413",125,240,250,233,243,262,224,225,224,161,161,169,141,162,118,157,166,170,132,134,103,108,67
LA,Liver,< 1 Year,9,0,0,0,0,0,1,0,0,0,0,0,0,1,0,0,1,0,0,0,0,0,0,0
LA,Liver,1-5 Years,54,1,0,1,2,1,3,3,1,1,0,1,1,1,0,0,1,3,0,2,2,0,1,0
LA,Liver,6-10 Years,76,1,3,2,2,4,2,3,5,7,3,0,3,0,1,1,1,1,2,4,5,2,1,4
LA,Liver,11-17 Years,358,6,14,8,13,4,14,8,13,15,11,11,10,9,14,11,14,18,14,16,12,10,16,17
LA,Liver,18-34 Years,"1,372",29,59,69,74,74,74,71,63,63,59,62,51,44,57,39,44,51,57,45,41,28,30,20
LA,Liver,35-49 Years,"1,126",46,71,57,52,63,69,59,45,51,42,44,56,31,45,32,42,48,51,32,38,32,27,12
LA,Liver,50-64 Years,"1,030",30,73,76,67,67,70,54,70,63,34,40,36,51,34,30,44,37,34,16,23,20,13,8
LA,Liver,65 +,224,9,14,27,15,21,19,17,16,13,5,2,9,2,8,5,7,6,4,10,4,4,5,0
MA,Kidney,All,"12,978",280,540,500,489,485,428,452,417,376,389,438,447,397,452,451,439,412,404,358,395,348,323,337
MA,Kidney,< 1 Year,9,0,0,0,0,0,1,1,0,0,0,1,0,1,2,1,0,0,0,1,0,0,0,0
MA,Kidney,1-5 Years,96,0,0,1,1,1,2,1,6,1,2,4,3,5,3,4,1,1,1,0,0,3,6,6
MA,Kidney,6-10 Years,151,2,2,1,6,4,0,5,1,1,5,5,4,0,2,1,5,4,4,2,6,4,5,6
MA,Kidney,11-17 Years,568,4,8,8,11,12,10,12,7,8,5,9,15,14,13,14,21,15,25,9,19,19,15,19
MA,Kidney,18-34 Years,"2,941",75,132,115,115,123,70,77,68,73,79,60,69,52,85,59,57,49,52,59,74,26,56,85
MA,Kidney,35-49 Years,"2,796",80,140,96,94,110,93,68,72,69,52,65,65,67,65,80,54,58,57,61,55,54,76,104
MA,Kidney,50-64 Years,"2,081",33,90,80,69,74,65,93,79,54,80,71,69,47,55,71,77,62,48,53,50,43,41,66
MA,Kidney,65 +,324,5,2,9,14,7,5,5,13,8,10,24,14,17,24,22,20,5,16,5,6,2,8,6
MA,Liver,All,"5,610",197,278,274,287,291,230,200,206,197,233,211,195,160,160,189,173,147,176,141,171,178,115,122
MA,Liver,< 1 Year,59,0,0,0,0,5,1,2,3,0,2,2,1,3,3,3,2,1,2,0,0,0,0,1
MA,Liver,1-5 Years,115,1,0,2,3,2,5,4,4,4,5,2,4,5,2,1,2,2,2,0,1,3,5,5
MA,Liver,6-10 Years,89,0,1,0,1,2,0,3,4,3,1,5,3,1,0,1,3,1,7,3,4,2,5,2
MA,Liver,11-17 Years,351,7,5,6,7,5,4,9,6,6,6,9,10,10,11,12,17,15,17,9,11,13,8,19
MA,Liver,18-34 Years,"1,516",53,80,73,82,93,66,52,41,48,51,40,39,30,56,44,41,37,34,36,42,38,22,43
MA,Liver,35-49 Years,"1,306",48,73,70,67,76,63,44,42,43,50,37,41,36,32,42,36,34,38,35,38,40,36,24
MA,Liver,50-64 Years,"1,159",59,63,64,67,69,43,61,61,56,68,55,44,25,18,37,31,27,32,37,26,38,16,14
MA,Liver,65 +,443,15,29,28,34,25,21,18,22,16,26,39,23,16,10,15,14,9,15,3,9,9,8,6
MD,Kidney,All,"12,064",236,394,440,432,418,518,500,495,503,462,418,505,388,430,449,403,403,363,447,569,603,518,378
MD,Kidney,< 1 Year,61,0,1,2,3,0,6,4,15,4,2,2,2,0,2,2,1,1,2,0,1,1,3,1
MD,Kidney,1-5 Years,226,0,1,4,6,6,8,5,4,7,6,1,9,4,0,4,7,7,8,8,22,11,13,6
MD,Kidney,6-10 Years,134,2,2,4,2,7,1,4,6,4,2,6,6,3,5,3,3,7,3,8,3,6,4,3
MD,Kidney,11-17 Years,360,9,4,9,6,10,16,11,9,10,11,12,7,8,13,19,10,6,8,10,10,17,17,7
MD,Kidney,18-34 Years,"2,362",75,113,152,133,117,113,96,81,127,121,83,56,56,58,45,44,36,28,49,40,51,79,80
MD,Kidney,35-49 Years,"2,438",48,91,73,84,95,98,86,68,72,87,68,95,76,77,85,63,53,46,65,90,89,138,131
MD,Kidney,50-64 Years,"2,029",41,57,60,62,51,92,108,93,80,70,85,114,63,92,67,56,69,57,68,92,84,72,69
MD,Kidney,65 +,501,4,7,7,18,13,13,17,21,11,9,12,38,28,29,15,18,16,23,20,24,23,32,23
MD,Liver,All,"3,679",124,214,233,264,295,247,201,172,134,114,94,112,115,103,109,109,78,58,73,78,80,76,80
MD,Liver,< 1 Year,9,0,1,0,0,0,0,0,0,0,0,0,0,0,0,0,0,0,0,0,0,0,0,1
MD,Liver,1-5 Years,43,0,0,1,0,0,1,0,0,3,0,1,1,2,0,0,1,4,2,2,1,2,2,1
MD,Liver,6-10 Years,44,2,0,1,0,0,0,0,1,0,1,3,2,3,1,1,1,0,2,1,2,0,1,2
MD,Liver,11-17 Years,181,3,4,7,4,2,4,2,5,6,7,2,4,7,5,10,9,5,4,6,9,5,4,3
MD,Liver,18-34 Years,"1,157",43,67,75,85,96,69,64,42,50,34,29,26,38,27,30,25,22,15,20,17,18,22,29
MD,Liver,35-49 Years,918,33,53,53,85,85,64,45,36,27,31,28,29,30,26,34,26,18,15,14,9,13,21,20
MD,Liver,50-64 Years,806,27,46,56,55,72,65,54,59,34,31,22,33,23,32,23,31,24,12,9,11,13,8,11
MD,Liver,65 +,228,7,11,12,18,21,20,16,15,8,10,7,14,9,9,7,10,3,3,3,3,1,5,3
ME,Kidney,All,"1,531",28,41,42,52,36,44,55,38,45,46,41,58,44,57,69,50,58,61,58,83,57,53,50
ME,Kidney,< 1 Year,0,0,0,0,0,0,0,0,0,0,0,0,0,0,0,0,0,0,0,0,0,0,0,0
ME,Kidney,1-5 Years,6,0,0,0,0,0,0,0,0,1,0,0,1,0,0,0,0,2,0,2,0,0,0,0
ME,Kidney,6-10 Years,16,0,0,0,0,1,0,0,0,0,0,0,2,0,1,0,0,0,0,0,0,0,3,0
ME,Kidney,11-17 Years,73,1,1,0,2,1,0,2,0,2,1,0,2,1,3,3,3,2,4,4,3,0,1,6
ME,Kidney,18-34 Years,342,1,5,7,9,6,7,9,5,13,6,9,7,7,11,10,5,10,6,9,14,12,16,19
ME,Kidney,35-49 Years,315,5,6,4,6,4,4,7,5,2,9,8,12,10,7,17,13,16,21,7,10,6,15,17
ME,Kidney,50-64 Years,228,2,6,5,7,2,5,8,9,9,5,7,10,2,10,12,8,5,3,6,7,13,11,6
ME,Kidney,65 +,33,0,1,0,0,0,1,2,0,0,0,1,0,0,1,0,3,2,0,1,9,0,0,2
ME,Liver,All,0,0,0,0,0,0,0,0,0,0,0,0,0,0,0,0,0,0,0,0,0,0,0,0
ME,Liver,< 1 Year,0,0,0,0,0,0,0,0,0,0,0,0,0,0,0,0,0,0,0,0,0,0,0,0
ME,Liver,1-5 Years,0,0,0,0,0,0,0,0,0,0,0,0,0,0,0,0,0,0,0,0,0,0,0,0
ME,Liver,6-10 Years,0,0,0,0,0,0,0,0,0,0,0,0,0,0,0,0,0,0,0,0,0,0,0,0
ME,Liver,11-17 Years,0,0,0,0,0,0,0,0,0,0,0,0,0,0,0,0,0,0,0,0,0,0,0,0
ME,Liver,18-34 Years,0,0,0,0,0,0,0,0,0,0,0,0,0,0,0,0,0,0,0,0,0,0,0,0
ME,Liver,35-49 Years,0,0,0,0,0,0,0,0,0,0,0,0,0,0,0,0,0,0,0,0,0,0,0,0
ME,Liver,50-64 Years,0,0,0,0,0,0,0,0,0,0,0,0,0,0,0,0,0,0,0,0,0,0,0,0
ME,Liver,65 +,0,0,0,0,0,0,0,0,0,0,0,0,0,0,0,0,0,0,0,0,0,0,0,0
MI,Kidney,All,"16,312",314,580,634,547,607,566,555,590,566,520,521,595,578,571,588,573,594,549,541,492,481,465,465
MI,Kidney,< 1 Year,13,0,1,1,2,2,1,0,0,0,1,2,2,1,0,0,0,0,0,0,0,0,0,0
MI,Kidney,1-5 Years,182,0,7,12,10,8,13,6,9,11,6,7,11,3,3,6,6,2,2,3,3,1,2,6
MI,Kidney,6-10 Years,278,3,4,6,2,9,2,8,11,8,7,7,7,11,7,7,13,7,12,6,13,2,7,14
MI,Kidney,11-17 Years,950,3,20,23,15,24,20,15,16,23,20,29,34,25,30,21,19,31,20,30,26,37,27,34
MI,Kidney,18-34 Years,"3,888",90,111,149,121,134,128,111,120,111,121,79,101,120,111,95,112,104,81,78,73,67,94,154
MI,Kidney,35-49 Years,"3,632",54,137,133,110,113,100,113,120,103,106,120,112,111,118,118,87,106,72,104,89,68,100,147
MI,Kidney,50-64 Years,"2,455",68,110,95,101,102,91,97,89,91,88,76,101,97,81,101,68,60,74,53,50,41,69,67
MI,Kidney,65 +,202,3,10,8,5,6,5,8,9,9,5,10,16,7,6,11,4,10,5,4,3,0,4,7
MI,Liver,All,"4,896",125,240,213,228,204,176,177,174,179,186,198,190,210,185,191,195,206,144,142,137,106,97,115
MI,Liver,< 1 Year,38,1,2,1,1,1,1,1,2,4,2,1,2,0,1,2,1,1,0,2,0,1,0,1
MI,Liver,1-5 Years,103,3,4,1,4,1,6,4,1,2,5,1,2,2,2,2,4,5,6,5,6,2,4,1
MI,Liver,6-10 Years,93,2,5,2,0,2,1,2,0,2,1,5,3,3,1,3,7,5,3,2,6,1,2,4
MI,Liver,11-17 Years,468,2,9,14,11,22,14,6,7,12,10,26,24,13,10,14,9,20,10,12,17,14,10,14
MI,Liver,18-34 Years,"1,506",36,61,75,70,61,58,59,68,61,66,43,43,56,57,56,55,57,36,35,31,30,29,40
MI,Liver,35-49 Years,"1,230",31,72,56,65,55,40,48,40,37,43,45,47,58,48,54,50,49,34,49,34,20,28,31
MI,Liver,50-64 Years,"1,038",37,55,43,62,46,41,42,41,47,44,50,51,56,47,35,46,44,38,26,30,25,11,18
MI,Liver,65 +,212,8,13,9,3,8,8,6,8,6,5,13,15,13,14,19,16,18,3,5,3,4,3,4
MN,Kidney,All,"14,016",302,506,463,492,496,464,399,388,406,425,457,447,464,482,563,551,574,553,491,533,489,406,373
MN,Kidney,< 1 Year,1,0,0,0,0,0,0,0,0,0,0,0,0,0,0,0,0,0,0,0,0,0,0,0
MN,Kidney,1-5 Years,78,4,0,1,2,2,4,2,1,3,1,3,2,0,1,3,1,2,0,1,0,0,0,1
MN,Kidney,6-10 Years,164,4,6,3,2,4,5,2,4,5,3,0,6,4,6,1,1,5,0,2,2,5,3,4
MN,Kidney,11-17 Years,519,12,21,13,13,14,15,14,12,8,11,14,9,9,14,20,10,11,21,12,9,8,6,20
MN,Kidney,18-34 Years,"2,474",51,79,62,89,82,66,66,60,70,62,44,49,45,50,58,50,63,54,29,33,21,49,96
MN,Kidney,35-49 Years,"2,307",44,62,47,75,70,74,38,43,26,40,45,45,52,47,54,50,59,38,28,31,26,83,141
MN,Kidney,50-64 Years,"1,606",51,60,46,60,46,43,45,29,47,34,55,52,36,45,55,50,39,27,24,20,18,59,82
MN,Kidney,65 +,197,2,5,5,9,3,2,3,5,0,0,6,5,10,3,6,3,2,3,2,2,1,5,14
MN,Liver,All,"4,972",141,200,181,204,205,199,177,171,185,203,168,188,187,170,159,183,158,157,137,138,170,129,132
MN,Liver,< 1 Year,66,0,4,1,0,2,0,0,0,2,1,8,3,3,2,1,3,1,1,2,1,4,0,0
MN,Liver,1-5 Years,119,3,4,2,1,5,4,4,2,5,7,4,7,6,2,7,3,3,1,6,1,2,2,3
MN,Liver,6-10 Years,112,0,8,2,0,3,4,1,0,5,3,2,4,4,4,3,2,4,2,2,4,3,5,4
MN,Liver,11-17 Years,366,6,5,9,6,9,6,9,10,11,10,6,5,9,13,12,10,7,17,13,9,4,10,18
MN,Liver,18-34 Years,"1,202",42,45,51,56,61,47,32,42,46,53,32,43,31,35,32,32,40,42,23,26,16,27,24
MN,Liver,35-49 Years,961,26,37,35,47,35,32,32,39,28,33,34,39,34,23,37,35,38,31,17,19,18,35,31
MN,Liver,50-64 Years,961,45,46,34,48,39,50,47,30,36,39,37,43,41,30,31,41,26,22,14,18,14,26,30
MN,Liver,65 +,475,10,25,26,15,25,25,21,23,20,26,23,24,28,19,18,21,11,16,12,8,11,12,19
MO,Kidney,All,"11,653",386,615,510,496,442,401,387,349,385,399,391,423,380,420,432,364,345,256,273,309,332,342,344
MO,Kidney,< 1 Year,11,0,2,0,1,0,1,0,1,1,1,1,0,0,0,0,0,0,0,0,0,2,1,0
MO,Kidney,1-5 Years,104,2,4,7,4,10,5,9,9,6,8,6,7,2,0,1,1,0,0,0,0,1,3,0
MO,Kidney,6-10 Years,195,3,3,5,9,10,10,2,4,3,8,2,6,3,8,6,12,3,3,5,1,5,3,6
MO,Kidney,11-17 Years,899,21,28,20,31,19,20,21,16,13,13,15,17,25,22,34,24,37,18,24,20,26,44,38
MO,Kidney,18-34 Years,"3,451",114,168,146,174,124,126,120,96,110,108,97,102,115,101,116,80,83,54,90,42,29,69,114
MO,Kidney,35-49 Years,"2,684",104,144,133,106,110,73,87,74,99,92,92,102,79,78,95,62,51,52,39,42,23,84,110
MO,Kidney,50-64 Years,"1,599",68,143,80,62,53,66,52,72,70,77,68,55,40,64,46,44,32,23,17,16,15,28,55
MO,Kidney,65 +,119,9,6,6,1,2,5,4,6,10,4,7,8,1,10,3,1,2,1,0,0,0,3,5
MO,Liver,All,"3,939",131,196,188,188,151,150,139,152,139,140,143,149,149,153,161,147,120,108,90,94,106,109,105
MO,Liver,< 1 Year,51,2,3,0,1,3,2,4,2,0,1,2,2,4,3,1,2,0,1,0,1,1,3,0
MO,Liver,1-5 Years,116,7,6,11,1,6,2,7,2,7,4,4,6,3,3,1,6,3,4,1,0,2,3,3
MO,Liver,6-10 Years,104,2,2,4,6,2,3,1,1,3,4,2,1,7,3,4,4,3,2,5,0,2,2,4
MO,Liver,11-17 Years,373,8,11,9,14,9,12,16,15,4,7,6,9,12,12,23,16,13,9,14,8,3,14,15
MO,Liver,18-34 Years,"1,134",33,54,61,63,45,52,41,50,38,43,40,37,45,44,38,34,31,25,31,7,7,19,25
MO,Liver,35-49 Years,835,30,35,46,42,43,33,24,36,40,33,36,29,31,38,41,29,22,30,15,12,6,26,30
MO,Liver,50-64 Years,813,31,61,39,43,29,32,29,37,32,39,42,43,26,31,39,35,33,19,15,6,5,20,17
MO,Liver,65 +,313,17,23,18,18,14,14,17,9,14,8,9,16,17,18,12,18,12,11,3,3,3,6,7
MS,Kidney,All,"1,873",74,124,129,122,140,84,85,103,103,71,55,75,87,102,10,14,26,28,34,30,24,31,48
MS,Kidney,< 1 Year,7,0,1,1,2,1,1,0,0,0,0,0,0,0,0,0,0,0,0,0,0,0,0,0
MS,Kidney,1-5 Years,43,0,5,6,0,8,5,3,3,0,4,1,8,0,0,0,0,0,0,0,0,0,0,0
MS,Kidney,6-10 Years,44,7,0,1,3,0,0,0,5,3,1,0,6,2,4,0,1,0,0,1,1,0,1,1
MS,Kidney,11-17 Years,204,5,9,9,9,6,9,4,7,9,4,5,6,10,16,1,3,8,7,4,5,4,5,5
MS,Kidney,18-34 Years,626,16,38,42,34,34,21,36,32,38,33,14,19,31,36,5,9,8,14,11,12,5,14,17
MS,Kidney,35-49 Years,465,17,30,36,35,35,16,11,28,33,19,15,26,19,31,4,0,9,2,7,5,5,7,9
MS,Kidney,50-64 Years,318,21,28,22,22,39,20,20,20,17,8,15,8,22,7,0,0,0,0,2,2,0,2,10
MS,Kidney,65 +,27,1,2,1,6,8,1,0,3,1,0,0,0,0,0,0,0,0,0,0,0,0,0,0
MS,Liver,All,267,21,51,46,36,40,29,23,18,0,0,0,0,0,0,0,0,0,0,0,0,0,0,0
MS,Liver,< 1 Year,0,0,0,0,0,0,0,0,0,0,0,0,0,0,0,0,0,0,0,0,0,0,0,0
MS,Liver,1-5 Years,1,0,0,0,0,0,0,0,0,0,0,0,0,0,0,0,0,0,0,0,0,0,0,0
MS,Liver,6-10 Years,2,1,0,0,0,0,0,0,1,0,0,0,0,0,0,0,0,0,0,0,0,0,0,0
MS,Liver,11-17 Years,17,1,5,3,2,0,4,1,1,0,0,0,0,0,0,0,0,0,0,0,0,0,0,0
MS,Liver,18-34 Years,78,5,12,16,11,10,6,10,6,0,0,0,0,0,0,0,0,0,0,0,0,0,0,0
MS,Liver,35-49 Years,64,4,15,13,11,7,6,4,4,0,0,0,0,0,0,0,0,0,0,0,0,0,0,0
MS,Liver,50-64 Years,79,9,14,10,9,18,7,6,6,0,0,0,0,0,0,0,0,0,0,0,0,0,0,0
MS,Liver,65 +,17,1,2,4,1,5,4,0,0,0,0,0,0,0,0,0,0,0,0,0,0,0,0,0
NC,Kidney,All,"13,693",509,764,627,597,565,558,580,509,530,568,606,495,524,457,460,452,406,416,369,336,335,310,335
NC,Kidney,< 1 Year,24,4,0,1,0,2,0,3,2,0,1,5,0,1,0,1,0,0,0,0,1,1,0,0
NC,Kidney,1-5 Years,189,4,11,16,3,7,7,13,4,9,2,14,3,10,5,1,6,3,6,6,5,6,9,5
NC,Kidney,6-10 Years,220,9,8,3,12,4,12,10,8,4,8,7,0,8,6,19,9,6,4,9,7,8,4,6
NC,Kidney,11-17 Years,717,14,25,24,32,27,19,18,12,27,29,19,23,23,18,31,22,15,27,22,17,28,16,12
NC,Kidney,18-34 Years,"3,504",157,187,169,164,161,157,128,136,108,130,150,118,122,89,110,83,65,80,55,53,42,72,103
NC,Kidney,35-49 Years,"3,156",137,189,152,132,116,114,122,95,135,129,123,119,120,100,93,82,75,65,50,48,51,66,107
NC,Kidney,50-64 Years,"2,350",82,153,93,109,114,97,114,122,101,108,140,96,99,98,69,91,60,44,39,31,43,32,58
NC,Kidney,65 +,445,12,26,21,9,16,21,23,23,21,29,20,17,28,23,15,6,6,4,15,5,2,8,21
NC,Liver,All,"4,169",155,262,216,220,205,184,151,155,167,166,160,161,139,127,128,130,123,127,122,122,145,121,144
NC,Liver,< 1 Year,62,2,0,3,7,4,10,3,6,5,3,6,1,1,0,5,0,0,0,1,1,2,1,0
NC,Liver,1-5 Years,90,2,6,5,3,6,6,4,4,2,5,7,5,4,2,6,1,1,1,0,4,1,1,2
NC,Liver,6-10 Years,91,1,4,1,3,5,6,2,5,1,5,2,4,3,3,1,0,2,0,2,6,3,3,3
NC,Liver,11-17 Years,384,5,9,12,17,13,19,8,7,14,21,11,15,17,8,12,20,6,19,9,9,22,12,12
NC,Liver,18-34 Years,"1,401",59,90,80,83,59,63,58,58,54,54,60,53,47,50,45,48,39,38,37,31,27,30,41
NC,Liver,35-49 Years,"1,038",46,82,66,45,62,45,32,35,42,34,42,36,34,31,35,28,29,31,24,27,26,28,39
NC,Liver,50-64 Years,783,32,55,31,54,45,28,38,35,44,33,29,35,29,28,22,26,30,20,32,18,25,20,21
NC,Liver,65 +,152,4,13,18,7,9,3,4,4,4,9,3,8,4,2,0,4,2,9,6,4,12,5,10
ND,Kidney,All,"1,251",22,41,41,47,45,51,42,36,23,46,37,43,37,44,50,54,48,65,62,61,26,30,39
ND,Kidney,< 1 Year,0,0,0,0,0,0,0,0,0,0,0,0,0,0,0,0,0,0,0,0,0,0,0,0
ND,Kidney,1-5 Years,6,0,0,0,0,0,0,0,0,0,1,0,0,0,0,0,0,0,0,0,0,0,0,0
ND,Kidney,6-10 Years,13,0,1,0,0,0,0,0,1,0,1,0,0,0,0,3,0,1,0,0,1,0,0,0
ND,Kidney,11-17 Years,51,1,1,0,1,5,1,0,0,1,1,4,0,0,1,1,4,1,3,1,0,1,0,4
ND,Kidney,18-34 Years,217,4,8,6,5,14,9,11,7,1,7,4,7,6,4,4,2,3,2,8,4,0,9,12
ND,Kidney,35-49 Years,257,2,10,10,12,8,18,2,4,2,7,5,9,6,10,7,12,7,8,4,6,1,12,10
ND,Kidney,50-64 Years,210,6,6,4,12,3,6,10,3,4,9,7,5,9,9,5,8,8,11,8,6,1,4,11
ND,Kidney,65 +,35,0,0,1,0,1,1,2,3,1,0,0,3,3,1,2,2,2,0,4,2,2,1,0
ND,Liver,All,0,0,0,0,0,0,0,0,0,0,0,0,0,0,0,0,0,0,0,0,0,0,0,0
ND,Liver,< 1 Year,0,0,0,0,0,0,0,0,0,0,0,0,0,0,0,0,0,0,0,0,0,0,0,0
ND,Liver,1-5 Years,0,0,0,0,0,0,0,0,0,0,0,0,0,0,0,0,0,0,0,0,0,0,0,0
ND,Liver,6-10 Years,0,0,0,0,0,0,0,0,0,0,0,0,0,0,0,0,0,0,0,0,0,0,0,0
ND,Liver,11-17 Years,0,0,0,0,0,0,0,0,0,0,0,0,0,0,0,0,0,0,0,0,0,0,0,0
ND,Liver,18-34 Years,0,0,0,0,0,0,0,0,0,0,0,0,0,0,0,0,0,0,0,0,0,0,0,0
ND,Liver,35-49 Years,0,0,0,0,0,0,0,0,0,0,0,0,0,0,0,0,0,0,0,0,0,0,0,0
ND,Liver,50-64 Years,0,0,0,0,0,0,0,0,0,0,0,0,0,0,0,0,0,0,0,0,0,0,0,0
ND,Liver,65 +,0,0,0,0,0,0,0,0,0,0,0,0,0,0,0,0,0,0,0,0,0,0,0,0
NE,Kidney,All,"3,365",99,166,137,155,109,131,139,164,149,125,126,134,99,118,151,100,111,97,85,90,87,80,76
NE,Kidney,< 1 Year,14,0,0,0,1,0,0,2,1,3,1,2,4,0,0,0,0,0,0,0,0,0,0,0
NE,Kidney,1-5 Years,71,1,4,1,0,2,2,2,4,1,2,2,2,2,0,0,0,4,0,0,4,0,1,6
NE,Kidney,6-10 Years,70,0,1,0,2,2,2,0,3,1,2,0,0,0,2,1,0,3,0,2,2,4,6,9
NE,Kidney,11-17 Years,198,6,5,5,12,1,4,8,8,5,4,7,5,1,5,10,6,7,4,6,2,5,3,9
NE,Kidney,18-34 Years,770,32,33,30,29,34,29,42,39,27,20,21,27,13,17,24,14,17,19,17,13,18,15,21
NE,Kidney,35-49 Years,664,20,40,33,29,18,22,21,42,31,27,17,16,18,22,30,6,12,20,17,7,13,20,16
NE,Kidney,50-64 Years,593,30,38,29,29,21,35,25,35,37,28,13,23,15,17,21,19,15,15,6,19,8,7,9
NE,Kidney,65 +,78,3,6,4,1,1,2,7,7,9,4,6,2,0,0,2,0,0,0,1,0,1,0,2
NE,Liver,All,"3,508",79,100,83,94,89,96,94,111,96,90,100,107,106,114,131,108,120,86,101,105,123,93,104
NE,Liver,< 1 Year,265,2,2,4,2,5,12,6,9,6,6,12,13,17,14,9,11,10,7,6,9,14,10,11
NE,Liver,1-5 Years,291,2,1,5,9,3,4,9,4,7,2,8,6,12,8,8,14,11,6,3,7,6,5,11
NE,Liver,6-10 Years,100,1,2,0,0,3,1,0,1,2,1,0,2,0,7,2,1,1,1,7,6,3,6,4
NE,Liver,11-17 Years,334,5,13,2,8,4,2,4,5,1,4,9,6,5,12,13,9,13,8,9,5,8,8,11
NE,Liver,18-34 Years,891,20,28,22,30,32,33,30,30,26,19,25,22,14,22,24,20,27,15,25,14,15,15,15
NE,Liver,35-49 Years,646,20,19,17,24,21,14,18,22,20,20,17,21,26,19,34,13,19,15,18,19,20,19,24
NE,Liver,50-64 Years,594,16,21,21,17,14,23,17,16,24,26,19,24,15,21,28,28,17,19,9,19,16,13,18
NE,Liver,65 +,198,8,10,7,2,5,6,7,18,8,8,7,6,6,4,8,5,8,5,7,6,6,5,9
NH,Kidney,All,913,15,26,20,16,40,48,35,32,34,50,53,49,35,50,46,40,36,35,31,25,21,20,26
NH,Kidney,< 1 Year,0,0,0,0,0,0,0,0,0,0,0,0,0,0,0,0,0,0,0,0,0,0,0,0
NH,Kidney,1-5 Years,1,0,0,0,0,0,0,0,0,0,0,0,0,0,0,0,0,0,0,0,0,0,0,0
NH,Kidney,6-10 Years,4,1,0,0,0,0,0,0,0,0,0,0,0,0,0,0,0,0,1,0,0,0,0,0
NH,Kidney,11-17 Years,27,0,0,1,0,0,2,0,0,1,1,0,0,0,3,2,1,3,2,0,0,0,1,0
NH,Kidney,18-34 Years,157,2,8,3,0,6,3,4,2,6,8,13,7,6,6,3,9,9,4,7,3,3,6,11
NH,Kidney,35-49 Years,194,1,3,0,1,5,6,6,3,7,11,8,15,6,11,8,8,5,9,4,5,4,5,7
NH,Kidney,50-64 Years,141,3,3,1,0,3,13,6,7,1,10,5,8,5,5,13,5,3,4,5,2,2,1,6
NH,Kidney,65 +,18,0,0,0,0,0,2,1,0,0,0,2,0,1,0,4,0,0,5,0,1,0,0,1
NH,Liver,All,0,0,0,0,0,0,0,0,0,0,0,0,0,0,0,0,0,0,0,0,0,0,0,0
NH,Liver,< 1 Year,0,0,0,0,0,0,0,0,0,0,0,0,0,0,0,0,0,0,0,0,0,0,0,0
NH,Liver,1-5 Years,0,0,0,0,0,0,0,0,0,0,0,0,0,0,0,0,0,0,0,0,0,0,0,0
NH,Liver,6-10 Years,0,0,0,0,0,0,0,0,0,0,0,0,0,0,0,0,0,0,0,0,0,0,0,0
NH,Liver,11-17 Years,0,0,0,0,0,0,0,0,0,0,0,0,0,0,0,0,0,0,0,0,0,0,0,0
NH,Liver,18-34 Years,0,0,0,0,0,0,0,0,0,0,0,0,0,0,0,0,0,0,0,0,0,0,0,0
NH,Liver,35-49 Years,0,0,0,0,0,0,0,0,0,0,0,0,0,0,0,0,0,0,0,0,0,0,0,0
NH,Liver,50-64 Years,0,0,0,0,0,0,0,0,0,0,0,0,0,0,0,0,0,0,0,0,0,0,0,0
NH,Liver,65 +,0,0,0,0,0,0,0,0,0,0,0,0,0,0,0,0,0,0,0,0,0,0,0,0
NJ,Kidney,All,"10,649",281,562,432,465,443,420,335,371,394,432,437,447,433,431,386,418,440,351,357,374,358,320,231
NJ,Kidney,< 1 Year,29,2,3,0,2,0,0,1,0,0,1,4,4,2,2,2,1,2,2,0,0,0,1,0
NJ,Kidney,1-5 Years,128,4,8,3,5,4,8,2,4,2,3,4,8,4,11,8,3,7,4,7,6,3,1,3
NJ,Kidney,6-10 Years,109,0,3,6,2,4,3,3,0,3,2,1,0,5,3,0,1,6,5,3,3,3,6,1
NJ,Kidney,11-17 Years,342,3,18,7,8,12,11,5,3,6,11,9,10,13,14,11,7,12,5,3,8,5,9,11
NJ,Kidney,18-34 Years,"1,716",43,78,59,86,91,62,57,59,66,69,57,59,49,53,44,47,46,27,23,15,26,36,60
NJ,Kidney,35-49 Years,"1,952",52,112,87,86,66,80,43,70,69,79,70,70,105,80,76,54,61,31,24,17,30,59,71
NJ,Kidney,50-64 Years,"1,815",82,120,78,81,72,85,43,56,57,79,87,95,90,63,71,70,64,30,17,26,23,67,57
NJ,Kidney,65 +,312,10,9,8,6,9,6,15,10,4,9,11,17,18,31,10,18,21,4,4,9,5,16,7
NJ,Liver,All,"1,742",26,56,50,28,49,49,55,47,54,55,65,63,62,81,78,92,89,89,85,79,75,82,57
NJ,Liver,< 1 Year,0,0,0,0,0,0,0,0,0,0,0,0,0,0,0,0,0,0,0,0,0,0,0,0
NJ,Liver,1-5 Years,4,0,0,0,0,0,0,0,0,0,0,0,0,0,0,0,0,0,0,1,0,0,0,1
NJ,Liver,6-10 Years,13,0,0,1,0,0,0,0,0,0,0,0,0,0,1,0,0,0,0,0,0,0,4,1
NJ,Liver,11-17 Years,113,1,4,2,3,1,1,1,3,1,1,4,2,5,3,4,5,7,1,2,2,4,7,8
NJ,Liver,18-34 Years,479,7,24,14,11,16,17,17,19,18,21,18,21,15,25,19,24,20,14,11,6,10,17,15
NJ,Liver,35-49 Years,415,9,14,21,5,11,16,14,13,20,14,18,21,23,24,25,16,18,6,6,4,10,17,18
NJ,Liver,50-64 Years,372,6,11,11,9,18,12,18,8,12,17,25,17,17,23,25,21,18,15,5,5,4,21,11
NJ,Liver,65 +,91,3,3,1,0,3,3,5,4,3,2,0,2,2,5,5,11,6,1,6,3,4,8,3
NM,Kidney,All,"2,278",64,86,72,87,86,66,87,65,62,78,78,96,82,72,78,68,64,53,58,60,69,57,59
NM,Kidney,< 1 Year,2,0,0,0,0,0,0,0,0,0,0,0,0,0,0,0,0,0,0,0,0,0,0,0
NM,Kidney,1-5 Years,17,0,0,0,0,0,0,0,0,0,0,0,0,0,0,0,0,1,0,0,0,0,0,0
NM,Kidney,6-10 Years,39,0,2,0,2,0,1,0,0,0,2,0,2,0,0,2,4,1,0,0,0,0,2,1
NM,Kidney,11-17 Years,185,5,1,6,4,6,6,6,5,5,5,4,6,5,6,6,3,1,1,0,1,1,2,4
NM,Kidney,18-34 Years,667,17,34,19,39,26,19,25,11,15,18,26,25,27,16,25,16,8,8,1,1,1,7,21
NM,Kidney,35-49 Years,493,27,29,23,17,16,21,17,11,13,11,18,20,15,17,15,14,8,2,1,2,3,12,17
NM,Kidney,50-64 Years,293,6,5,13,12,19,6,19,14,6,22,14,20,11,13,8,14,7,1,0,2,0,7,11
NM,Kidney,65 +,45,1,0,1,0,0,5,4,5,9,4,1,0,2,3,0,1,2,0,0,0,0,0,2
NM,Liver,All,60,0,0,0,0,0,0,0,0,0,0,0,0,0,0,0,0,0,0,0,0,1,10,18
NM,Liver,< 1 year,0,0,0,0,0,0,0,0,0,0,0,0,0,0,0,0,0,0,0,0,0,0,0,0
NM,Liver,1-5 Years,0,0,0,0,0,0,0,0,0,0,0,0,0,0,0,0,0,0,0,0,0,0,0,0
NM,Liver,6-10 Years,1,0,0,0,0,0,0,0,0,0,0,0,0,0,0,0,0,0,0,0,0,0,0,0
NM,Liver,11-17 Years,11,0,0,0,0,0,0,0,0,0,0,0,0,0,0,0,0,0,0,0,0,0,1,2
NM,Liver,18-34 Years,22,0,0,0,0,0,0,0,0,0,0,0,0,0,0,0,0,0,0,0,0,0,3,7
NM,Liver,35-49 Years,12,0,0,0,0,0,0,0,0,0,0,0,0,0,0,0,0,0,0,0,0,0,3,4
NM,Liver,50-64 Years,11,0,0,0,0,0,0,0,0,0,0,0,0,0,0,0,0,0,0,0,0,0,1,5
NM,Liver,Unknown,3,0,0,0,0,0,0,0,0,0,0,0,0,0,0,0,0,0,0,0,0,1,2,0
NV,Kidney,All,"1,632",28,43,47,64,63,78,61,59,60,45,47,45,44,65,69,66,65,58,66,67,62,53,56
NV,Kidney,< 1 Year,0,0,0,0,0,0,0,0,0,0,0,0,0,0,0,0,0,0,0,0,0,0,0,0
NV,Kidney,1-5 Years,1,0,0,0,0,0,0,0,0,0,0,0,0,0,0,0,0,0,0,0,0,0,0,0
NV,Kidney,6-10 Years,11,0,0,0,0,0,0,0,0,2,0,0,0,0,0,0,1,0,0,0,6,0,0,0
NV,Kidney,11-17 Years,159,0,5,4,6,7,8,6,3,11,9,3,6,6,3,7,8,8,3,0,4,8,5,10
NV,Kidney,18-34 Years,517,7,27,17,16,21,28,19,21,20,20,22,19,19,21,25,23,24,7,10,7,11,19,9
NV,Kidney,35-49 Years,440,10,7,16,14,17,29,19,26,18,9,14,11,12,23,22,12,14,5,2,8,12,12,20
NV,Kidney,50-64 Years,202,10,1,3,21,12,6,10,8,6,2,4,5,3,6,2,2,2,7,2,2,6,5,12
NV,Kidney,65 +,10,0,0,0,0,0,0,2,0,0,0,0,0,0,0,0,0,0,0,0,0,0,0,0
NV,Liver,All,0,0,0,0,0,0,0,0,0,0,0,0,0,0,0,0,0,0,0,0,0,0,0,0
NV,Liver,< 1 Year,0,0,0,0,0,0,0,0,0,0,0,0,0,0,0,0,0,0,0,0,0,0,0,0
NV,Liver,1-5 Years,0,0,0,0,0,0,0,0,0,0,0,0,0,0,0,0,0,0,0,0,0,0,0,0
NV,Liver,6-10 Years,0,0,0,0,0,0,0,0,0,0,0,0,0,0,0,0,0,0,0,0,0,0,0,0
NV,Liver,11-17 Years,0,0,0,0,0,0,0,0,0,0,0,0,0,0,0,0,0,0,0,0,0,0,0,0
NV,Liver,18-34 Years,0,0,0,0,0,0,0,0,0,0,0,0,0,0,0,0,0,0,0,0,0,0,0,0
NV,Liver,35-49 Years,0,0,0,0,0,0,0,0,0,0,0,0,0,0,0,0,0,0,0,0,0,0,0,0
NV,Liver,50-64 Years,0,0,0,0,0,0,0,0,0,0,0,0,0,0,0,0,0,0,0,0,0,0,0,0
NV,Liver,65 +,0,0,0,0,0,0,0,0,0,0,0,0,0,0,0,0,0,0,0,0,0,0,0,0
NY,Kidney,All,"33,122",875,"1,664","1,696","1,468","1,421","1,284","1,197","1,102","1,167","1,185","1,176","1,244",,,,,,,,,,,
NY,Kidney,< 1 Year,143,1,10,3,7,1,7,3,2,4,10,9,8,9,24,16,6,3,0,3,2,3,2,0
NY,Kidney,1-5 Years,546,7,16,12,14,19,15,14,23,18,10,10,23,27,31,42,19,19,16,20,6,5,11,17
NY,Kidney,6-10 Years,375,2,13,20,9,17,11,10,11,5,6,4,7,13,8,10,4,2,4,5,11,4,12,15
NY,Kidney,11-17 Years,"1,174",22,33,25,35,37,33,12,9,28,19,22,24,35,25,39,32,42,29,27,33,32,47,32
NY,Kidney,18-34 Years,"6,332",184,327,308,297,314,265,194,168,186,182,166,139,140,210,182,131,112,103,120,115,87,115,178
NY,Kidney,35-49 Years,"6,475",205,315,340,290,257,215,210,169,214,200,192,200,217,214,220,186,161,110,137,122,127,156,200
NY,Kidney,50-64 Years,"5,916",171,276,303,273,260,209,217,218,250,244,233,263,254,267,245,233,154,118,111,109,122,132,141
NY,Kidney,65 +,"1,113",18,26,38,25,22,42,27,42,32,29,57,46,63,45,56,60,34,41,44,22,27,53,47
NY,Liver,All,"11,809",363,498,458,420,404,354,368,312,354,379,358,426,435,498,684,582,511,435,473,508,419,365,362
NY,Liver,< 1 Year,110,5,5,2,2,4,3,2,6,3,4,6,5,3,4,5,2,7,2,8,9,4,7,0
NY,Liver,1-5 Years,205,3,10,5,7,10,12,8,8,7,6,3,3,1,6,12,7,11,6,5,12,9,7,7
NY,Liver,6-10 Years,180,5,5,5,5,4,6,3,1,1,4,4,7,5,5,6,3,0,6,6,6,4,7,6
NY,Liver,11-17 Years,565,11,21,15,14,14,9,9,7,15,15,13,12,18,23,23,14,19,23,23,16,26,24,22
NY,Liver,18-34 Years,"2,702",112,130,115,125,123,106,88,71,88,78,88,72,94,106,115,104,78,79,91,87,46,70,91
NY,Liver,35-49 Years,"2,581",90,101,109,91,79,68,87,67,73,78,73,105,93,106,180,121,121,84,99,76,76,65,84
NY,Liver,50-64 Years,"2,492",73,97,99,101,85,61,97,77,76,89,78,113,107,131,160,145,118,97,81,66,80,65,65
NY,Liver,65 +,"1,630",33,55,51,40,43,38,38,44,49,66,55,82,78,87,127,104,93,76,68,64,49,51,65
OH,Kidney,All,"20,921",812,"1,041",881,768,672,622,658,687,688,647,680,640,693,692,753,722,694,624,695,658,642,535,
OH,Kidney,< 1 Year,8,0,0,0,1,0,1,0,0,0,1,0,0,0,0,0,0,0,0,0,0,0,0,1
OH,Kidney,1-5 Years,258,3,5,4,5,0,8,5,2,3,10,2,5,7,4,3,7,3,2,6,9,6,8,12
OH,Kidney,6-10 Years,303,4,3,3,5,9,11,2,4,5,6,9,8,2,7,6,8,4,4,10,17,21,15,16
OH,Kidney,11-17 Years,976,15,32,45,26,23,21,23,12,15,22,23,28,25,25,14,20,23,26,16,23,20,29,36
OH,Kidney,18-34 Years,"4,808",210,255,221,196,189,147,133,120,130,103,116,100,98,157,101,86,96,64,72,81,74,121,152
OH,Kidney,35-49 Years,"4,402",247,252,197,155,110,118,129,105,112,116,123,94,143,99,94,107,113,106,97,95,94,133,164
OH,Kidney,50-64 Years,"3,121",149,163,133,112,77,86,78,111,121,111,101,107,111,77,125,91,65,82,79,63,71,96,107
OH,Kidney,65 +,329,11,10,6,7,5,3,7,5,8,8,8,2,15,12,25,11,8,7,7,5,7,13,16
OH,Liver,All,"7,307",355,486,426,394,351,302,278,250,262,224,240,239,245,270,246,230,229,188,132,162,184,178,176
OH,Liver,< 1 Year,63,1,2,1,4,1,3,0,0,2,1,1,3,4,4,4,5,2,2,1,1,0,0,1
OH,Liver,1-5 Years,249,5,6,6,4,4,4,7,10,6,6,6,11,11,8,6,7,6,7,5,9,8,5,10
OH,Liver,6-10 Years,156,5,1,1,3,4,3,3,5,3,2,5,3,3,6,5,3,5,1,5,10,6,10,9
OH,Liver,11-17 Years,559,19,20,20,14,18,17,17,11,17,18,17,23,16,18,15,13,15,10,15,16,13,18,22
OH,Liver,18-34 Years,"2,304",99,152,140,137,124,120,93,79,93,70,76,61,66,94,72,52,55,52,31,39,47,52,55
OH,Liver,35-49 Years,"1,816",119,138,117,108,86,62,81,63,52,59,63,62,65,70,46,60,61,52,32,33,34,40,33
OH,Liver,50-64 Years,"1,438",70,106,93,90,69,69,47,58,59,58,55,62,59,49,68,51,38,47,19,26,31,35,31
OH,Liver,65 +,358,16,29,24,23,24,7,13,13,12,9,10,9,16,16,21,31,24,8,5,6,2,5,9
OK,Kidney,All,"4,730",121,218,194,224,209,225,209,174,173,177,167,148,127,120,104,120,120,147,133,138,110,119,109
OK,Kidney,< 1 Year,1,0,0,0,0,0,0,0,0,0,0,0,0,0,0,0,0,0,0,0,0,0,0,0
OK,Kidney,1-5 Years,52,0,2,2,2,3,2,1,2,0,1,1,5,1,1,1,1,0,0,0,0,0,3,1
OK,Kidney,6-10 Years,81,0,2,4,2,2,3,0,3,4,4,1,4,2,1,3,1,0,1,2,1,1,2,1
OK,Kidney,11-17 Years,366,4,16,7,8,18,15,12,10,13,12,10,9,8,5,7,12,8,6,4,4,1,11,13
OK,Kidney,18-34 Years,"1,278",35,45,56,72,79,60,69,30,49,47,38,42,36,36,29,36,31,26,4,14,7,29,29
OK,Kidney,35-49 Years,"1,162",44,62,40,69,44,60,50,50,29,39,41,20,26,28,18,24,33,28,12,7,5,25,35
OK,Kidney,50-64 Years,682,19,38,37,26,24,44,37,27,30,26,23,25,21,23,26,20,12,13,5,6,1,18,27
OK,Kidney,65 +,80,1,0,3,2,3,1,2,0,7,4,3,7,7,3,3,3,7,1,0,1,1,5,0
OK,Liver,All,"1,540",56,57,53,56,61,47,58,47,58,69,50,46,53,68,57,61,60,62,47,47,46,49,56
OK,Liver,< 1 Year,11,0,0,0,0,0,0,0,0,0,0,1,0,1,0,1,2,0,1,0,0,0,0,3
OK,Liver,1-5 Years,35,0,0,0,0,1,0,2,2,2,2,1,0,0,0,2,2,0,3,1,2,1,2,1
OK,Liver,6-10 Years,26,1,0,0,0,1,1,0,0,0,2,1,0,0,1,1,1,2,0,1,1,0,1,0
OK,Liver,11-17 Years,161,3,9,5,5,8,6,3,2,8,6,3,4,6,6,3,6,6,4,1,2,0,5,9
OK,Liver,18-34 Years,491,16,26,21,19,22,16,23,17,25,30,22,16,24,21,25,17,17,17,3,3,1,13,11
OK,Liver,35-49 Years,342,14,14,12,19,17,14,23,11,11,12,10,11,13,19,8,14,19,11,0,0,0,14,13
OK,Liver,50-64 Years,261,17,7,13,6,11,9,7,14,10,16,9,10,7,19,13,13,10,10,1,1,0,7,12
OK,Liver,65 +,59,5,1,2,7,1,1,0,1,2,1,3,5,2,2,4,4,3,1,0,0,0,2,4
OR,Kidney,All,"6,068",200,296,239,232,232,211,200,206,188,197,187,224,193,207,219,217,194,254,233,222,188,155,131
OR,Kidney,< 1 Year,2,0,0,1,0,1,0,0,0,0,0,0,0,0,0,0,0,0,0,0,0,0,0,0
OR,Kidney,1-5 Years,56,1,9,4,4,3,1,4,5,3,3,2,1,1,2,5,0,3,0,0,1,0,0,0
OR,Kidney,6-10 Years,105,5,2,1,7,0,2,5,3,4,0,2,0,2,2,3,0,5,1,0,4,5,8,3
OR,Kidney,11-17 Years,358,3,7,12,9,13,12,12,16,10,5,7,8,5,11,6,1,10,8,11,10,6,9,11
OR,Kidney,18-34 Years,"1,453",58,71,65,80,64,46,47,62,50,44,52,42,19,39,53,42,26,40,33,26,19,23,30
OR,Kidney,35-49 Years,"1,419",60,81,56,50,49,52,46,41,32,60,33,38,36,30,44,49,23,36,23,31,26,32,53
OR,Kidney,50-64 Years,875,36,56,30,13,33,35,23,28,23,18,15,45,36,41,25,29,35,33,33,32,26,41,26
OR,Kidney,65 +,93,4,1,2,2,1,3,4,2,2,3,3,2,2,1,4,0,10,2,15,5,6,3,5
OR,Liver,All,"1,734",63,76,82,83,82,67,62,59,49,57,45,51,52,57,61,43,40,50,41,41,53,53,52
OR,Liver,< 1 Year,0,0,0,0,0,0,0,0,0,0,0,0,0,0,0,0,0,0,0,0,0,0,0,0
OR,Liver,1-5 Years,0,0,0,0,0,0,0,0,0,0,0,0,0,0,0,0,0,0,0,0,0,0,0,0
OR,Liver,6-10 Years,15,0,0,0,3,0,2,0,1,0,0,0,0,0,0,1,0,0,0,0,0,0,1,1
OR,Liver,11-17 Years,185,1,4,5,4,7,6,5,7,5,2,2,4,4,3,7,1,5,7,7,3,7,5,12
OR,Liver,18-34 Years,628,21,26,30,31,41,26,25,23,22,25,21,19,15,17,21,13,12,20,15,10,13,18,15
OR,Liver,35-49 Years,460,20,26,29,29,22,18,16,15,11,20,13,8,12,16,13,16,7,8,6,14,12,10,11
OR,Liver,50-64 Years,367,16,19,16,13,10,13,12,11,11,8,9,17,19,21,14,12,12,14,9,12,11,12,9
OR,Liver,65 +,56,5,1,2,3,2,2,4,2,0,2,0,3,2,0,5,1,4,1,4,1,3,1,1
PA,Kidney,All,"29,680",757,"1,204","1,103","1,103","1,071","1,051",975,969,844,853,932,998,"1,046","1,014","1,223",,,,,,,,
PA,Kidney,< 1 Year,236,6,1,1,3,2,5,6,3,2,4,6,3,6,6,14,4,2,3,6,8,7,9,3
PA,Kidney,1-5 Years,814,11,16,18,17,14,23,11,16,10,10,12,12,24,18,29,18,21,22,18,18,16,14,35
PA,Kidney,6-10 Years,481,4,3,13,10,15,6,14,19,9,8,10,18,9,7,16,5,14,12,19,12,13,16,12
PA,Kidney,11-17 Years,"1,367",8,24,26,34,36,41,34,27,19,34,22,23,40,35,52,39,40,34,43,20,26,39,62
PA,Kidney,18-34 Years,"6,941",217,319,259,322,322,293,243,219,239,235,210,193,223,204,208,211,187,152,158,107,87,152,173
PA,Kidney,35-49 Years,"6,581",185,278,290,243,249,223,209,181,153,167,199,186,203,208,255,252,202,176,160,172,121,192,247
PA,Kidney,50-64 Years,"5,178",127,180,165,150,151,143,153,157,137,148,169,221,226,200,240,200,170,198,165,101,110,136,143
PA,Kidney,65 +,969,11,15,12,15,13,10,22,19,4,13,25,36,43,47,67,33,28,53,55,25,34,37,33
PA,Liver,All,"16,077",414,627,575,571,535,505,439,468,426,462,476,494,451,502,510,547,572,533,460,366,383,447,420
PA,Liver,< 1 Year,266,3,2,1,1,1,2,5,2,7,6,6,8,8,13,2,8,4,8,2,2,1,7,7
PA,Liver,1-5 Years,607,6,8,8,12,7,12,6,11,15,10,5,17,14,17,18,15,24,11,15,1,10,16,36
PA,Liver,6-10 Years,390,3,7,6,7,8,9,6,13,3,6,5,8,6,7,11,8,10,5,8,6,7,13,14
PA,Liver,11-17 Years,"1,178",6,23,14,21,22,18,21,19,19,20,19,19,21,25,24,33,28,24,29,12,22,25,48
PA,Liver,18-34 Years,"4,496",110,184,150,183,176,155,117,125,136,140,133,121,118,124,117,118,117,94,84,61,57,102,108
PA,Liver,35-49 Years,"3,476",96,152,147,124,129,115,94,110,70,105,100,106,111,106,122,118,120,111,92,74,57,110,85
PA,Liver,50-64 Years,"2,983",79,105,125,101,101,110,104,112,112,97,114,131,109,111,110,121,111,127,93,37,49,78,69
PA,Liver,65 +,"1,143",25,42,41,36,34,43,44,45,37,48,55,57,47,61,52,56,63,57,50,18,30,38,33
RI,Kidney,All,"1,353",32,60,63,49,60,45,61,40,65,48,48,51,39,46,65,71,70,66,85,84,63,53,52
RI,Kidney,< 1 Year,0,0,0,0,0,0,0,0,0,0,0,0,0,0,0,0,0,0,0,0,0,0,0,0
RI,Kidney,1-5 Years,10,0,0,1,0,0,0,0,0,4,0,0,0,0,0,0,1,2,0,0,0,0,2,0
RI,Kidney,6-10 Years,15,0,0,0,1,0,0,1,0,2,2,0,2,0,0,3,0,0,0,3,0,0,1,0
RI,Kidney,11-17 Years,50,2,1,1,0,1,2,2,3,0,1,2,2,2,1,4,1,2,4,0,1,6,0,5
RI,Kidney,18-34 Years,281,12,11,15,13,14,10,6,14,12,14,14,7,6,10,14,16,7,16,12,13,7,14,17
RI,Kidney,35-49 Years,257,8,7,6,19,9,17,16,2,12,5,6,18,3,8,5,13,14,7,12,16,8,19,16
RI,Kidney,50-64 Years,209,3,11,19,6,13,8,17,8,9,7,3,3,4,6,11,9,11,3,16,9,9,5,10
RI,Kidney,65 +,46,0,2,0,1,1,2,3,0,2,2,0,3,4,0,0,1,1,4,8,5,1,1,2
RI,Liver,All,0,0,0,0,0,0,0,0,0,0,0,0,0,0,0,0,0,0,0,0,0,0,0,0
RI,Liver,< 1 Year,0,0,0,0,0,0,0,0,0,0,0,0,0,0,0,0,0,0,0,0,0,0,0,0
RI,Liver,1-5 Years,0,0,0,0,0,0,0,0,0,0,0,0,0,0,0,0,0,0,0,0,0,0,0,0
RI,Liver,6-10 Years,0,0,0,0,0,0,0,0,0,0,0,0,0,0,0,0,0,0,0,0,0,0,0,0
RI,Liver,11-17 Years,0,0,0,0,0,0,0,0,0,0,0,0,0,0,0,0,0,0,0,0,0,0,0,0
RI,Liver,18-34 Years,0,0,0,0,0,0,0,0,0,0,0,0,0,0,0,0,0,0,0,0,0,0,0,0
RI,Liver,35-49 Years,0,0,0,0,0,0,0,0,0,0,0,0,0,0,0,0,0,0,0,0,0,0,0,0
RI,Liver,50-64 Years,0,0,0,0,0,0,0,0,0,0,0,0,0,0,0,0,0,0,0,0,0,0,0,0
RI,Liver,65 +,0,0,0,0,0,0,0,0,0,0,0,0,0,0,0,0,0,0,0,0,0,0,0,0
SC,Kidney,All,"5,179",215,285,239,264,177,207,187,167,179,202,178,153,171,182,179,150,138,129,121,163,160,158,137
SC,Kidney,< 1 Year,25,0,1,0,3,0,2,1,2,4,3,3,1,0,0,0,0,0,0,0,0,1,0,0
SC,Kidney,1-5 Years,120,1,3,3,0,6,5,7,4,7,8,3,7,0,1,2,0,1,4,2,5,5,2,6
SC,Kidney,6-10 Years,122,2,2,3,0,3,7,1,0,4,7,1,5,1,2,1,2,2,7,6,12,0,5,3
SC,Kidney,11-17 Years,356,4,11,6,15,8,13,6,8,8,9,12,9,19,11,22,19,10,5,12,8,8,16,10
SC,Kidney,18-34 Years,"1,628",61,97,84,95,62,79,60,38,36,56,47,28,37,57,55,51,49,26,36,49,40,43,53
SC,Kidney,35-49 Years,"1,356",73,80,64,69,42,39,50,57,45,59,40,47,50,38,41,32,29,38,27,35,44,42,45
SC,Kidney,50-64 Years,784,44,39,38,46,24,31,30,32,44,31,35,20,27,32,18,14,13,18,14,16,18,21,16
SC,Kidney,65 +,58,5,1,0,2,3,1,5,2,3,3,0,7,3,0,1,0,3,0,0,0,0,2,3
SC,Liver,All,"1,715",37,83,77,99,74,66,73,76,63,76,79,66,64,61,72,45,41,37,59,77,72,66,48
SC,Liver,< 1 Year,4,0,0,0,0,0,0,0,0,2,0,0,0,0,0,0,1,0,0,0,0,0,0,0
SC,Liver,1-5 Years,29,0,0,0,0,2,2,2,1,3,0,1,1,0,0,0,1,0,0,0,0,3,3,4
SC,Liver,6-10 Years,30,0,0,1,1,0,0,0,0,3,3,0,1,1,3,1,0,1,0,0,5,0,1,1
SC,Liver,11-17 Years,197,4,6,3,9,6,7,7,6,3,7,10,8,8,7,14,4,6,1,8,8,6,11,6
SC,Liver,18-34 Years,583,9,33,22,45,29,28,24,28,19,28,24,20,19,17,23,13,15,16,22,25,22,17,17
SC,Liver,35-49 Years,435,11,21,21,22,17,11,21,23,18,22,19,18,18,16,15,15,8,13,15,16,25,13,12
SC,Liver,50-64 Years,334,10,14,23,20,18,17,19,17,15,16,23,14,16,13,14,10,3,6,5,9,9,12,5
SC,Liver,65 +,63,1,8,7,1,2,1,0,1,0,0,1,2,2,1,2,1,1,0,7,5,2,9,3
SD,Kidney,All,"1,051",29,57,53,59,45,51,44,33,47,55,34,44,32,41,46,57,53,50,39,25,27,34,29
SD,Kidney,< 1 Year,9,0,0,0,0,0,0,0,0,0,0,0,0,1,1,0,0,1,1,1,0,2,1,1
SD,Kidney,1-5 Years,24,0,0,0,0,0,1,0,0,0,1,1,0,1,2,2,2,2,2,1,1,2,3,3
SD,Kidney,6-10 Years,17,1,0,1,0,0,4,1,1,0,0,0,0,0,0,1,1,2,0,2,1,0,1,0
SD,Kidney,11-17 Years,41,2,1,1,4,1,0,4,1,3,1,0,1,1,3,2,1,1,1,1,2,0,1,3
SD,Kidney,18-34 Years,182,10,9,14,7,16,12,6,15,6,10,5,9,4,6,3,4,2,4,2,5,1,5,4
SD,Kidney,35-49 Years,186,3,12,9,16,7,11,8,5,9,8,5,11,4,6,8,2,6,9,3,3,3,8,8
SD,Kidney,50-64 Years,197,7,8,9,12,7,9,14,3,12,15,7,11,9,9,7,13,10,7,6,0,1,6,5
SD,Kidney,65 +,52,0,0,2,0,1,2,0,1,2,0,2,2,4,1,4,9,4,4,7,0,1,1,3
SD,Liver,All,38,9,12,8,8,1,0,0,0,0,0,0,0,0,0,0,0,0,0,0,0,0,0,0
SD,Liver,< 1 Year,0,0,0,0,0,0,0,0,0,0,0,0,0,0,0,0,0,0,0,0,0,0,0,0
SD,Liver,1-5 Years,0,0,0,0,0,0,0,0,0,0,0,0,0,0,0,0,0,0,0,0,0,0,0,0
SD,Liver,6-10 Years,0,0,0,0,0,0,0,0,0,0,0,0,0,0,0,0,0,0,0,0,0,0,0,0
SD,Liver,11-17 Years,2,0,1,0,1,0,0,0,0,0,0,0,0,0,0,0,0,0,0,0,0,0,0,0
SD,Liver,18-34 Years,20,6,4,6,3,1,0,0,0,0,0,0,0,0,0,0,0,0,0,0,0,0,0,0
SD,Liver,35-49 Years,8,3,3,0,2,0,0,0,0,0,0,0,0,0,0,0,0,0,0,0,0,0,0,0
SD,Liver,50-64 Years,5,0,2,2,1,0,0,0,0,0,0,0,0,0,0,0,0,0,0,0,0,0,0,0
SD,Liver,65 +,3,0,2,0,1,0,0,0,0,0,0,0,0,0,0,0,0,0,0,0,0,0,0,0
TN,Kidney,All,"12,260",405,577,592,504,476,474,453,453,427,443,398,446,367,402,442,399,409,382,388,345,320,306,300
TN,Kidney,< 1 Year,6,0,0,0,0,0,0,0,0,0,0,3,3,0,0,0,0,0,0,0,0,0,0,0
TN,Kidney,1-5 Years,140,4,0,6,6,5,6,7,2,8,5,5,12,8,4,6,8,3,1,3,1,4,4,6
TN,Kidney,6-10 Years,226,8,9,2,7,10,9,5,7,8,2,8,4,7,14,6,4,6,5,8,14,2,9,2
TN,Kidney,11-17 Years,798,16,26,31,18,21,26,20,15,22,21,20,28,25,20,31,24,32,24,19,20,14,16,17
TN,Kidney,18-34 Years,"3,494",140,192,200,150,147,141,129,139,120,114,93,86,98,93,90,84,82,76,75,46,49,79,83
TN,Kidney,35-49 Years,"2,945",103,144,144,124,105,116,117,119,94,103,116,115,64,87,108,66,62,64,63,40,47,63,115
TN,Kidney,50-64 Years,"1,677",58,63,81,75,90,69,78,56,50,64,56,74,65,63,53,50,40,27,46,36,36,48,54
TN,Kidney,65 +,139,8,4,12,2,10,9,5,7,3,2,0,3,0,6,2,9,1,3,3,6,2,4,4
TN,Liver,All,"4,746",184,252,234,268,275,265,273,238,220,246,216,231,206,190,184,118,98,107,107,104,109,100,96
TN,Liver,< 1 Year,6,0,0,0,0,0,0,0,0,0,0,1,2,0,0,0,0,0,0,0,0,0,0,0
TN,Liver,1-5 Years,50,2,6,2,4,2,0,0,1,1,2,3,5,4,0,0,1,0,1,0,1,0,0,1
TN,Liver,6-10 Years,83,1,2,1,6,5,10,7,2,2,2,5,1,3,5,5,0,1,2,0,4,1,4,0
TN,Liver,11-17 Years,409,6,20,20,16,18,20,17,9,14,13,13,25,16,11,21,12,13,13,13,10,8,12,14
TN,Liver,18-34 Years,"1,582",80,91,91,106,90,87,78,83,74,70,62,56,60,54,51,44,34,37,35,20,26,30,36
TN,Liver,35-49 Years,"1,236",38,66,68,74,64,80,79,71,59,80,72,61,54,54,58,29,16,24,22,22,18,19,24
TN,Liver,50-64 Years,989,36,52,37,47,70,46,71,62,54,68,53,70,60,55,36,29,12,15,20,12,16,15,17
TN,Liver,65 +,219,11,11,12,10,24,22,21,9,16,11,7,6,9,11,12,1,2,5,1,3,1,4,3
TX,Kidney,All,"37,579","1,438","2,179","1,819","1,809","1,724","1,535","1,370","1,304","1,236","1,286","1,364","1,316","1,276","1,219","1,200","1,138","1,108","1,096","1,061",926,960,933,913
TX,Kidney,< 1 Year,151,11,15,10,11,13,10,4,4,3,1,3,0,5,2,1,1,1,2,3,4,1,3,1
TX,Kidney,1-5 Years,"1,099",24,45,34,46,48,42,30,20,32,28,39,33,28,16,29,21,30,36,27,28,25,32,39
TX,Kidney,6-10 Years,719,10,24,16,31,25,33,20,22,17,12,17,15,24,23,21,17,34,15,18,25,19,21,21
TX,Kidney,11-17 Years,"2,561",69,71,76,82,63,78,69,86,59,68,71,63,47,64,67,92,80,93,81,66,64,80,91
TX,Kidney,18-34 Years,"9,806",333,465,421,482,438,395,344,318,271,311,270,249,307,290,300,254,219,222,216,169,197,240,267
TX,Kidney,35-49 Years,"7,934",331,455,410,406,368,265,289,242,237,232,225,217,248,262,250,223,198,201,181,143,147,218,259
TX,Kidney,50-64 Years,"5,074",265,372,243,255,233,180,167,148,152,151,194,197,198,211,156,170,165,130,94,99,111,129,130
TX,Kidney,65 +,437,21,20,21,15,17,10,8,5,14,11,17,9,13,24,18,20,13,12,8,10,8,22,19
TX,Liver,All,"14,585",592,874,799,759,720,660,553,506,493,488,514,465,510,546,520,507,515,470,443,380,368,358,300
TX,Liver,< 1 Year,156,2,7,4,6,5,4,2,4,2,7,8,7,6,11,7,4,5,5,2,5,1,2,4
TX,Liver,1-5 Years,530,14,22,26,24,16,29,22,14,26,27,22,23,21,17,18,9,14,14,11,15,14,11,8
TX,Liver,6-10 Years,326,13,14,12,14,12,13,9,12,13,7,7,9,12,11,12,10,17,8,4,8,9,11,9
TX,Liver,11-17 Years,"1,374",28,40,43,43,39,54,43,49,38,36,41,35,32,34,38,56,46,63,46,43,48,39,46
TX,Liver,18-34 Years,"4,676",201,243,250,265,238,209,194,182,155,160,147,138,167,164,162,157,144,141,131,105,115,130,92
TX,Liver,35-49 Years,"3,475",153,238,210,197,201,150,132,113,120,117,116,103,127,150,136,110,114,112,98,65,74,81,77
TX,Liver,50-64 Years,"2,740",118,218,148,152,155,145,114,99,102,108,130,105,108,112,95,101,113,74,57,58,52,50,37
TX,Liver,65 +,815,27,46,64,45,31,32,21,18,32,23,37,27,37,46,44,53,45,33,28,19,8,28,17
UT,Kidney,All,"5,264",213,268,253,243,213,189,198,201,160,174,143,157,148,160,173,131,178,157,141,143,131,151,144
UT,Kidney,< 1 Year,22,7,4,7,1,1,1,1,0,0,0,0,0,0,0,0,0,0,0,0,0,0,0,0
UT,Kidney,1-5 Years,58,3,3,4,6,6,8,3,0,0,2,0,1,0,0,0,1,0,0,0,0,0,0,3
UT,Kidney,6-10 Years,108,2,4,3,4,5,2,4,3,3,3,8,5,0,2,3,7,0,1,0,4,3,1,1
UT,Kidney,11-17 Years,370,14,6,13,18,10,7,6,8,10,16,6,4,6,3,9,6,10,11,5,13,8,14,5
UT,Kidney,18-34 Years,"1,319",50,51,62,40,55,44,43,46,34,55,38,45,26,29,31,28,44,26,34,14,18,31,55
UT,Kidney,35-49 Years,"1,071",54,48,49,54,40,37,41,47,34,24,25,30,28,17,18,18,21,14,13,14,10,25,50
UT,Kidney,50-64 Years,533,22,33,26,21,24,18,24,19,18,16,7,10,10,17,12,4,7,12,8,8,6,9,26
UT,Kidney,65 +,41,2,2,2,1,4,0,2,6,0,0,2,0,0,0,2,1,0,0,0,0,0,1,2
UT,Liver,All,"1,818",86,106,100,112,92,87,92,78,59,60,63,67,62,59,60,46,57,58,56,38,43,46,45
UT,Liver,< 1 Year,29,0,0,0,3,5,1,5,4,1,1,2,0,0,1,2,0,0,2,0,0,0,1,1
UT,Liver,1-5 Years,68,1,4,5,7,5,6,3,3,3,6,0,0,1,2,3,4,4,5,2,1,0,0,0
UT,Liver,6-10 Years,41,0,2,0,4,3,0,2,2,2,1,3,5,0,0,1,4,0,1,0,1,1,3,1
UT,Liver,11-17 Years,212,12,8,6,12,9,2,5,7,6,5,7,7,4,5,11,2,5,7,4,6,5,7,7
UT,Liver,18-34 Years,604,25,36,29,27,24,26,22,22,17,23,27,18,24,23,18,16,27,15,21,5,15,15,24
UT,Liver,35-49 Years,386,23,17,26,30,16,25,26,15,19,10,8,18,17,10,14,12,12,14,10,7,5,8,2
UT,Liver,50-64 Years,280,10,19,17,17,21,20,18,16,10,12,7,14,12,14,8,4,6,7,6,5,2,3,7
UT,Liver,65 +,79,6,6,7,9,6,5,8,9,1,2,3,2,3,2,1,3,0,0,3,0,0,0,2
VA,Kidney,All,"11,556",449,736,548,510,430,402,375,378,429,405,424,424,438,430,464,443,402,376,353,335,304,287,281
VA,Kidney,< 1 Year,26,1,1,2,5,0,1,2,4,3,1,1,1,0,2,0,0,0,0,2,0,0,0,0
VA,Kidney,1-5 Years,138,3,7,8,7,9,8,12,3,3,6,1,4,2,11,5,3,5,1,2,1,0,2,2
VA,Kidney,6-10 Years,148,4,3,1,3,6,9,4,1,3,6,2,4,4,5,2,3,0,9,6,8,6,5,1
VA,Kidney,11-17 Years,530,9,17,22,12,9,10,17,23,16,17,22,14,15,16,16,18,20,11,8,7,9,14,20
VA,Kidney,18-34 Years,"2,486",117,150,138,136,118,87,79,73,77,64,78,69,79,69,65,58,51,56,40,34,27,66,85
VA,Kidney,35-49 Years,"2,447",127,214,120,85,76,84,60,68,100,79,81,81,73,70,100,75,50,57,34,42,39,71,91
VA,Kidney,50-64 Years,"1,904",71,150,89,99,66,66,49,56,70,63,83,78,82,83,77,70,55,51,44,36,28,48,66
VA,Kidney,65 +,323,16,27,18,8,12,20,15,20,18,17,11,17,19,8,12,8,12,2,7,7,2,4,8
VA,Liver,All,"3,773",146,197,178,156,117,109,112,121,128,91,126,142,140,130,126,108,107,104,93,110,101,109,106
VA,Liver,< 1 Year,17,0,0,0,0,0,0,1,1,0,0,0,1,0,0,1,0,0,1,0,1,1,1,0
VA,Liver,1-5 Years,34,1,0,2,0,0,0,0,0,0,0,0,1,2,0,1,0,2,2,0,0,0,0,1
VA,Liver,6-10 Years,42,1,1,2,1,0,0,1,0,1,1,2,1,0,3,0,1,0,3,1,1,0,1,2
VA,Liver,11-17 Years,322,3,12,10,11,10,4,8,8,9,7,13,11,11,7,8,10,8,7,5,4,5,10,11
VA,Liver,18-34 Years,"1,172",59,54,58,57,41,37,37,38,33,21,40,35,40,30,29,39,27,36,18,18,22,26,26
VA,Liver,35-49 Years,896,37,54,51,32,20,27,28,23,31,23,33,41,35,36,38,23,26,24,13,19,15,17,25
VA,Liver,50-64 Years,685,25,53,38,35,33,25,19,27,31,20,29,28,28,29,20,21,23,17,15,12,12,15,18
VA,Liver,65 +,204,6,15,12,13,8,8,6,12,18,5,4,10,8,13,12,4,8,3,9,3,2,3,3
VT,Kidney,All,719,6,20,11,21,24,16,29,25,20,32,35,25,37,38,45,34,23,30,2,6,21,24,22
VT,Kidney,< 1 Year,2,0,0,0,0,0,0,0,0,0,0,1,0,1,0,0,0,0,0,0,0,0,0,0
VT,Kidney,1-5 Years,9,0,0,0,0,0,0,0,1,0,0,0,2,0,1,0,0,0,0,0,0,0,2,0
VT,Kidney,6-10 Years,10,0,0,0,0,0,0,2,0,0,0,1,0,0,1,0,0,0,0,1,0,0,0,0
VT,Kidney,11-17 Years,43,0,1,0,1,1,0,0,0,0,1,3,0,1,0,4,1,0,2,0,0,2,4,6
VT,Kidney,18-34 Years,171,1,4,3,7,10,7,7,3,3,4,7,3,2,6,8,8,2,6,1,1,2,6,7
VT,Kidney,35-49 Years,160,2,10,2,5,8,3,1,8,4,11,6,2,6,5,11,2,5,5,0,0,3,5,6
VT,Kidney,50-64 Years,137,3,2,5,4,2,6,10,8,3,6,6,5,6,9,9,7,4,2,0,0,6,1,0
VT,Kidney,65 +,34,0,0,0,0,0,0,3,0,1,3,5,5,4,0,1,2,2,2,0,0,0,0,3
VT,Liver,All,0,0,0,0,0,0,0,0,0,0,0,0,0,0,0,0,0,0,0,0,0,0,0,0
VT,Liver,< 1 Year,0,0,0,0,0,0,0,0,0,0,0,0,0,0,0,0,0,0,0,0,0,0,0,0
VT,Liver,1-5 Years,0,0,0,0,0,0,0,0,0,0,0,0,0,0,0,0,0,0,0,0,0,0,0,0
VT,Liver,6-10 Years,0,0,0,0,0,0,0,0,0,0,0,0,0,0,0,0,0,0,0,0,0,0,0,0
VT,Liver,11-17 Years,0,0,0,0,0,0,0,0,0,0,0,0,0,0,0,0,0,0,0,0,0,0,0,0
VT,Liver,18-34 Years,0,0,0,0,0,0,0,0,0,0,0,0,0,0,0,0,0,0,0,0,0,0,0,0
VT,Liver,35-49 Years,0,0,0,0,0,0,0,0,0,0,0,0,0,0,0,0,0,0,0,0,0,0,0,0
VT,Liver,50-64 Years,0,0,0,0,0,0,0,0,0,0,0,0,0,0,0,0,0,0,0,0,0,0,0,0
VT,Liver,65 +,0,0,0,0,0,0,0,0,0,0,0,0,0,0,0,0,0,0,0,0,0,0,0,0
WA,Kidney,All,"10,076",262,463,441,410,367,353,420,382,378,339,364,310,324,307,277,317,364,348,327,306,334,279,278
WA,Kidney,< 1 Year,9,0,0,3,1,1,1,1,1,0,0,1,0,0,0,0,0,0,0,0,0,0,0,0
WA,Kidney,1-5 Years,118,0,4,5,4,5,3,11,9,7,8,3,4,5,6,5,5,1,3,4,2,1,0,2
WA,Kidney,6-10 Years,155,0,2,2,1,3,4,8,1,4,5,6,3,8,2,2,5,2,0,8,3,4,7,3
WA,Kidney,11-17 Years,645,11,17,25,16,23,21,20,23,16,14,12,15,10,13,12,24,26,28,20,22,16,16,17
WA,Kidney,18-34 Years,"2,553",77,130,121,123,102,93,112,105,94,57,81,61,84,70,52,54,73,82,67,35,53,49,59
WA,Kidney,35-49 Years,"2,324",83,125,106,94,81,80,83,71,76,66,67,73,59,69,57,47,68,47,46,50,66,63,71
WA,Kidney,50-64 Years,"1,500",40,61,75,80,49,59,73,44,59,73,52,38,47,41,45,49,53,40,25,35,33,37,79
WA,Kidney,65 +,133,6,4,6,4,0,0,3,5,10,4,9,5,0,6,2,1,3,2,5,1,8,7,10
WA,Liver,All,"2,967",93,160,157,128,123,128,119,109,102,103,90,88,95,117,134,133,142,111,83,79,94,74,65
WA,Liver,< 1 Year,28,0,0,5,1,1,1,1,0,2,3,2,3,1,3,1,0,1,0,0,1,0,0,0
WA,Liver,1-5 Years,93,2,4,3,4,4,3,2,6,3,8,4,2,4,6,7,4,5,3,0,2,1,2,3
WA,Liver,6-10 Years,59,0,1,1,1,2,1,3,2,5,3,4,1,2,2,2,1,3,2,4,0,3,4,1
WA,Liver,11-17 Years,322,4,10,16,6,11,12,12,11,7,7,6,13,5,12,9,12,13,14,8,11,10,11,12
WA,Liver,18-34 Years,"1,099",42,69,50,59,51,60,51,43,40,29,37,27,41,43,38,38,43,44,42,20,36,25,20
WA,Liver,35-49 Years,736,21,37,46,30,30,27,30,29,23,29,20,28,16,28,32,33,39,28,16,29,29,19,11
WA,Liver,50-64 Years,511,19,35,30,21,20,22,19,15,18,23,16,13,24,19,36,37,21,18,11,15,11,9,13
WA,Liver,65 +,64,3,3,5,2,2,1,1,3,4,1,1,0,1,4,8,7,8,1,1,0,2,1,2
WI,Kidney,All,"12,051",284,397,389,408,454,375,381,381,357,410,365,381,445,454,465,459,461,423,452,371,344,338,342
WI,Kidney,< 1 Year,9,0,0,1,0,4,0,0,0,1,0,0,1,1,0,0,0,0,0,0,1,0,0,0
WI,Kidney,1-5 Years,135,1,2,1,3,5,2,3,3,3,4,2,3,7,2,7,5,18,2,4,4,4,6,5
WI,Kidney,6-10 Years,145,1,3,1,1,7,2,4,1,6,1,2,2,1,5,0,1,2,8,1,6,4,7,8
WI,Kidney,11-17 Years,526,7,10,9,24,17,8,12,5,9,13,13,10,17,13,10,11,14,17,17,13,20,17,14
WI,Kidney,18-34 Years,"2,521",61,58,82,92,93,74,64,69,63,69,72,73,67,69,59,60,39,59,59,38,36,73,78
WI,Kidney,35-49 Years,"2,764",66,64,70,56,80,60,80,84,73,93,61,89,88,93,93,95,76,74,77,55,50,82,121
WI,Kidney,50-64 Years,"2,300",51,88,61,86,88,74,81,81,76,82,84,68,100,105,90,86,74,81,64,55,52,70,96
WI,Kidney,65 +,326,5,11,11,5,7,6,4,6,5,15,6,2,14,16,25,18,20,20,10,21,15,10,17
WI,Liver,All,"4,227",126,159,167,186,188,172,168,133,123,119,128,138,155,146,134,148,138,143,162,123,105,121,104
WI,Liver,< 1 Year,53,2,2,0,1,0,0,0,0,0,0,1,1,2,0,3,1,4,2,4,2,1,1,1
WI,Liver,1-5 Years,106,1,2,1,4,7,4,2,0,3,3,0,4,7,2,4,4,4,2,6,0,1,8,4
WI,Liver,6-10 Years,98,1,1,1,4,5,2,2,1,0,1,3,1,1,4,1,5,1,3,3,2,1,3,5
WI,Liver,11-17 Years,350,4,9,5,10,8,6,10,5,5,5,11,4,5,8,9,11,11,14,12,14,15,16,8
WI,Liver,18-34 Years,"1,258",42,37,54,49,64,55,41,39,33,34,32,42,44,36,30,39,32,38,39,28,26,34,32
WI,Liver,35-49 Years,"1,070",31,36,38,42,38,39,49,32,25,33,32,43,42,39,36,43,32,38,55,34,31,28,27
WI,Liver,50-64 Years,929,29,45,43,52,50,44,50,42,45,32,35,35,42,39,35,32,34,31,25,24,18,25,23
WI,Liver,65 +,261,14,19,25,14,13,14,11,13,11,11,13,7,10,16,14,8,9,14,8,5,5,2,2
WV,Kidney,All,"1,634",77,86,66,28,36,25,39,43,40,44,37,35,45,48,59,50,50,65,61,53,59,79,74
WV,Kidney,< 1 Year,0,0,0,0,0,0,0,0,0,0,0,0,0,0,0,0,0,0,0,0,0,0,0,0
WV,Kidney,1-5 Years,12,0,0,0,0,0,0,0,0,0,0,0,0,0,2,0,1,2,0,0,0,1,1,0
WV,Kidney,6-10 Years,30,1,0,0,0,0,0,0,0,0,2,0,0,0,2,3,1,1,2,1,1,0,1,1
WV,Kidney,11-17 Years,92,0,0,0,0,0,0,5,4,3,0,0,3,1,1,3,5,4,4,1,1,0,3,7
WV,Kidney,18-34 Years,430,22,18,11,10,7,7,7,8,8,10,10,10,14,20,16,11,13,13,6,4,3,20,27
WV,Kidney,35-49 Years,384,28,17,17,6,8,7,8,13,17,13,5,7,9,11,12,10,1,9,12,2,1,21,20
WV,Kidney,50-64 Years,282,17,32,21,8,10,6,12,12,10,9,16,10,9,3,11,3,7,3,2,0,0,9,12
WV,Kidney,65 +,62,6,11,5,0,4,2,3,4,0,2,0,0,0,0,1,0,0,0,1,0,0,0,4
WV,Liver,All,0,0,0,0,0,0,0,0,0,0,0,0,0,0,0,0,0,0,0,0,0,0,0,0
WV,Liver,< 1 Year,0,0,0,0,0,0,0,0,0,0,0,0,0,0,0,0,0,0,0,0,0,0,0,0
WV,Liver,1-5 Years,0,0,0,0,0,0,0,0,0,0,0,0,0,0,0,0,0,0,0,0,0,0,0,0
WV,Liver,6-10 Years,0,0,0,0,0,0,0,0,0,0,0,0,0,0,0,0,0,0,0,0,0,0,0,0
WV,Liver,11-17 Years,0,0,0,0,0,0,0,0,0,0,0,0,0,0,0,0,0,0,0,0,0,0,0,0
WV,Liver,18-34 Years,0,0,0,0,0,0,0,0,0,0,0,0,0,0,0,0,0,0,0,0,0,0,0,0
WV,Liver,35-49 Years,0,0,0,0,0,0,0,0,0,0,0,0,0,0,0,0,0,0,0,0,0,0,0,0
WV,Liver,50-64 Years,0,0,0,0,0,0,0,0,0,0,0,0,0,0,0,0,0,0,0,0,0,0,0,0
WV,Liver,65 +,0,0,0,0,0,0,0,0,0,0,0,0,0,0,0,0,0,0,0,0,0,0,0,0
